url;name;location;city;given_name;given_address;given_city
https://www.zomato.com/jaipur/sagar-ratna-mansarovar;chatoraz;Mansarovar;Jaipur;Chatoraz;Mansarovar,Jaipur,Gujarat-313001,;Jaipur
https://www.zomato.com/mysore/mysore-nandhini-family-restaurant-mandi-mohalla;antique family restaurant;None;Mysuru;Antique Family Restaurant;Mysore ,India;Mysore
https://www.zomato.com/ahmedabad/sanskrut-navrangpura;sanskrut;None;Ahmedabad;Sanskrut;Ahmedabad,India;Ahmedabad
https://www.zomato.com/ncr/kafe-fontana-taj-palace-hotel-chanakyapuri-new-delhi;kafe;None;Gurgaon;Kafe;Gurgon;Gurgon
https://www.zomato.com/ncr/canteeno-laxmi-nagar-new-delhi;canteeno;None;New Delhi;canteeno;D-61 Street - 3 opposite Metro pillar 31 LaxmiNagar , New Delhi-110092, India;Delhi
None;dcrcaterings;None;None;dcrcaterings;Al fazar - 3, Nuaimiya 1, Near Time car wash, Ajman, UAE, Ajman, India;Ajman
https://www.zomato.com/ahmedabad/china-hut-paldi;china hut;None;Ahmedabad;China Hut;Ahmedabad,India;Ahmedabad
https://www.zomato.com/hyderabad/kritunga-restaurant-ameerpet;cafee area;Ameerpet;Hyderabad;cafee area;ameerpet;Hyderabad
https://www.zomato.com/ncr/burger-in-adchini-new-delhi;burger.in;None;New Delhi;Burger.in | 9911992694;84, Adchini, near Hero Honda showroom New Delhi- 110017;South Delhi
https://www.zomato.com/ncr/paapi-paet-malviya-nagar-new-delhi;paapi paet;Laxmi Bai Nagar;New Delhi;Paapi Paet | 9873515806;E5/1 shop no.5 Malviya Nagar\nNew Delhi- 110017;South Delhi
https://www.zomato.com/ncr/paapi-paet-malviya-nagar-new-delhi;paapi paet malviya nagar;Laxmi Bai Nagar;New Delhi;paapi paet malviya nagar;E5/1 shop no.5 malviya nagar\nnew delhi- 110017;South Delhi
None;shubchat;None;Kanpur;shubchat;30/62 etawah bazar, kanpur, India;kanpur
https://www.zomato.com/hyderabad/tung-kein-somajiguda;tung kein;Somajiguda;Hyderabad;Tung Kein;rajbhavan road, somajiguda, Hyderabad,,India,500082,Hyderabad,,India,500082;Hyderabad
https://www.zomato.com/ahmedabad/patang-the-revolving-restaurant-ashram-road;gossips restaurant;None;Ahmedabad;Gossips Restaurant;Ahmedabad;Ahmedabad
https://www.zomato.com/ncr/rajinder-da-dhaba-safdarjung-new-delhi;rajinder da dhaba;Safdarjung Enclave;New Delhi;Rajinder Da Dhaba | Safdarjung Enclave | 9213202619;AB 14, Safdarjung Enclave, New Delhi;Delhi
None;pineapple cater;None;Bhopal;pineapple cater;Bhopal, bhopal, India;Bhopal
https://www.zomato.com/chandigarh/sunny-special-kharar-road-mohali;amaretto chef club;Sunny Enclave;Chandigarh;Amaretto Chef Club;National Highway 95, Chandigarh-Ludhiana Highway, Sahibzada Ajit Singh Nagar, Punjab 140413, Mohali, India;Mohali
https://www.zomato.com/chennai/nite-bite-saidapet;alarabiandelights;Saidapet;Chennai;Alarabiandelights;no43,mosque st west saidapet,Chennai,,India,600015;Chennai
None;bluemoonrestaurant;None;Ahmedabad;BlueMoonRestaurant;Ahmedabad;Ahmedabad
https://www.zomato.com/chennai/al-shafin-multi-cuisine-restaurant-perungudi;moroccan multi cuisine restaurant;Porur;Chennai;Moroccan Multi Cuisine Restaurant;No-54/5,PKR Complex,Trunk Road,Porur,Chennai,,India,600116;Chennai
https://www.zomato.com/ahmedabad/crazy-noodles-prahlad-nagar;crazy guys town;None;Ahmedabad;Crazy Guys Town;Ahmedabad;Ahmedabad
https://www.zomato.com/bangalore/snack-knack-btm;food and snack;BTM Layout;Bengaluru;Food And Snack;13/1, 10th Cross, Bommanahalli, - 560068;Bangalore
https://www.zomato.com/ncr/oye-punjabis-lajpat-nagar-4-new-delhi;oye kaku;Laxmi Nagar;New Delhi;oye kaku;AA-40-B , LAXMI NAGAR, NEW DELHI, India;Delhi
https://www.zomato.com/lucknow/jeewan-saathi-restaurant-husain-ganj;bawarchi delite;Baraura Hussain Bari;Lucknow;Bawarchi Delite | 91- 9927532225;VC1, Sec 3, , Ghaziabad;Vaishali
None;best western  jagdish;Jayanagara Jaya Nagar;Bengaluru;Best Western  Jagdish;No 51, old no 664, 11th main, Jayanagar 4th block;Bangalore
None;magicofmysore;Jayalakshmipuram;Mysuru;magicofmysore;Jayalakshmipuram, Mysore, India;Mysore
None;foodplus;Jayanagara Jaya Nagar;Bengaluru;FOODPLUS;Byrasandra main road, Jayanagar, , Bangalore;Bangalore
None;ranjit sahoo;Juhapura;Ahmedabad;RANJIT SAHOO;A 301, SAKSHAT APARTMENT, BAKERI CITY,, ahmedabad, India;Ahmedabad
https://www.zomato.com/ncr/srs-7-dayz-food-court-sector-12-faridabad;srs7 dayz;None;Faridabad;SRS7 DAYZ | 7042845151;SRS Mall sector-12 1st floor city centre faridabad, 121007;Faridabad
None;palak restaurant;None;Jodhpur;PALAK RESTAURANT;Seth Raghunath parihar Dharmshala,Jodhpur;Seth Raghunath parihar Dharmshala,Jodhpur
None;saibalaji;None;Hyderabad;saibalaji;utyuty, hyderabad, India;Hyderabad
None;happy reasturants;Indirapuram;Ghaziabad;Happy Reasturants ;indrapuram Ghaziabad,Ghaziabad,,India,201102;Ghaziabad
None;tunday kababi;Panchsheel Park;New Delhi;Tunday Kababi | 9650533945;489/55/4, corner market, main road Malviya Nagar, New delhi 110017;South Delhi
https://www.zomato.com/ncr/rahul-eggs-lawrence-road-new-delhi;rahul;Chhawla;New Delhi;rahul;chhawla village, new delhi, India;Delhi
None;petesplace;West Marredpally;Secunderabad;PetesPlace;Plet #2 Shobana Colony West Marredpally Secunderabad 500026;Secunderabad
https://www.zomato.com/ncr/dilli-darbaar-ip-extension-new-delhi;dilli lajawaab;South Extension I;New Delhi;Dilli Lajawaab;South Ext, New Delhi, India;Delhi
https://www.zomato.com/allahabad/the-brewmaster-civil-lines;abcbiryani;Civil Lines;Allahabad;abcbiryani;7-e clive road, shanker tower, opp. samsung mobile serivce centre, civil lines 211001, allahabad, India;Allahabad
https://www.zomato.com/brisbane/colle-rosso-ristorante-italiano-red-hill;gallo rosso;Liesing;Wien;Gallo Rosso;Ketzergasse 465,Wien,,Österreich,1230;Wien
None;hnc solutions;None;Mumbai;HNC SOLUTIONS;Mumbai;Mumbai
https://www.zomato.com/ncr/prince-ki-rasoi-sector-45-gurgaon;prince ki rasoi;None;None;Prince Ki Rasoi | 9899714826;Paras road, near western and carlton height sec-43 DLFphase -v -122002;Gurgaon
https://www.zomato.com/ncr/babu-ram-paranthe-wale-chandni-chowk-new-delhi;dadi k paranthe;None;None;Dadi K Paranthe;Dadi K Paranthe will take you to the delicious and mesmerizing journey of mouth watering parathas which is impossible to miss;New Delhi
https://www.zomato.com/jaipur/m-m-khan-hotel-pink-city;hamidullah khan;None;Ajmer;Hamidullah khan;Opposite  H.M.T company beaware road ajmer., ajmer, India;Ajmer
https://www.zomato.com/bhubaneswar/aangan-food-court-chandrasekharpur-bhubaneshwar;viveks food box;Chandrasekharpur;Bhubaneswar;viveks food box;Chandrasekharpur\nBhubaneswar, Bhubaneswar, India;Bhubaneswar
https://www.zomato.com/ncr/royal-empire-meat-shop-sector-50-noida;zappfresh - fresh meat. delivered;Sector 50;Gurgaon;Zappfresh - Fresh Meat. Delivered;Sector - 50, Haryana;Gurgaon
None;jafran;Purba Barisha;Kolkata;Jafran;42 Santosh Roy Road, Kolkata, India;Kolkata
https://www.zomato.com/mumbai/go-biryan-adarsh-nagar;hmkfood;Chedda Nagar;Mumbai;HMKFOOD;SAI DARSHAN SOCIETY \nBHARAT NAGAR\nVIKHROLI EAST,;MUMBAI
None;abcdjk;None;New Delhi;abcdjk;Hono 1283, sector 82, new delhi, India;new delhi
None;chillyjunkies;None;New Delhi;ChillyJunkies;Lund Choot, New jursey, New Delhi, India;New Delhi
https://www.zomato.com/ahmedabad/beans-leaves-platinum-hotels-paldi;beans and leaves;Paldi;Ahmedabad;Beans And Leaves;Hotel Platinum Inn ,Besides Paldi Police Station ,Anjali Cross Roads ,Vasna ,Paldi,Ahmedabad,India-380007;Ahmedabad
None;lakhmanifoods;None;Ahmedabad;LakhmaniFoods;Ahmedabad;Ahmedabad
https://www.zomato.com/coimbatore/mr-chicken-ramanathapuram;mr cheff;Tatabad;Coimbatore;Mr Cheff;3-j-1,thillai nagar,nanjappa Street rathinapuri,Coimbatore,,India,641027;Coimbatore
https://www.zomato.com/mumbai/the-secret-recipe-oshiwara;the secret recipe;None;Mumbai;The Secret Recipe;Mumbai;Mumbai
https://www.zomato.com/ncr/sanjha-chulha-sector-46-faridabad;kamal;Sector 46;Gurgaon;Kamal;Gurgaon sector 46, Gurgaon, India;Gurgaon
https://www.zomato.com/hyderabad/quality-biryani-point-rotis-corner-kukatpally;sai's quality biryani point;Kukatpally;Hyderabad;Sai's Quality Biryani Point;Road No: 4, Opp. Apollo Pharma, Near Maharashtra State Bank, KPHB, Hyderabad, India;Hyderabad
https://www.zomato.com/the-project-cafe;the project cafe;None;Ahmedabad;The Project Cafe;Ahmedabad,India;Ahmedabad
None;tiffin service home delivery;Rukmini Gaon;Guwahati;Tiffin service home delivery;House No. 86. Rukminigaon, Six Mile. Guwahati , Assam, Guwahati, India;Guwahati
https://www.zomato.com/indore/awesome-kitchen-vijay-nagar;awesome kitchen;None;Indore;AWESOME KITCHEN;WB 28 SCHEME NO 94 VIJAY NAGAR, NEAR BOMBAY HOSPITAL , BEHIND UNIVERSAL HOSPITAL, INDORE, India;INDORE
None;papad;Rohini;New Delhi;Papad;3  canara apartments sector 13 rohini delhi 110085, new delhi, India;new delhi
None;#homedelivery in sector 18 -;Sector 18;Noida;#HomeDelivery in Sector 18 - 7838410341;Himalaya Veg & Non Veg Takeaway \nNear Metro Pillar64 Sector-18, Noida.;Gautam Buddh Nagar
None;manekchowk;None;Ahmedabad;manekchowk;666 mukhi vas nava wdaj, ahmedabad, India;ahmedabad
https://www.zomato.com/hyderabad/flavors-of-telangana-banjara-hills;taste of telangana;Banjara Hills;Hyderabad;Taste of Telangana;Banjara Hills, Hyderabad, India;Hyderabad
https://www.zomato.com/ncr/delhi-biryani-hut-sector-62-noida;foodies hut;Sector 62;Noida;foodies hut;b-83, trikuta hills, noida;noida
None;mealbox;Kukatpally;Hyderabad;mealbox;pragathi nagar, kukatpally, hyderabad, India;hyderabad
https://www.zomato.com/kolkata/kasturi-restaurant-ballygunge;restaurant;Ballygunge;Kolkata;restaurant;24,B,Syed Amir Ali Avenue, kolkata, India;kolkata
https://www.zomato.com/ahmedabad/season-9-naranpura;season 9;None;Ahmedabad;Season 9;Ahmedabad,India;Ahmedabad
None;samzcorner;Park Street;Kolkata;SAMZCORNER;Park street Kolkata, Kolkata, India;Kolkata
None;indiagate restaurant;None;None;INDIAGATE RESTAURANT;7950 Al safath Dammam Street Ladies Market Road JUBAIL , Jubail, India;Jubail
None;bizzare;None;Ahmedabad;Bizzare;Ahmedabad;Ahmedabad
None;wok me up;Jogeshwari West;Mumbai;WOK ME UP;Shop no. 1/720 Adarsh Nagar Oshiwara Andheri West,;Mumbai
https://www.zomato.com/mumbai/kateeleshwari-marol;shree kateeleshwari kitchen equipment;None;Mumbai;Shree Kateeleshwari Kitchen Equipment;gala no 7 ,om sai baba ind est ashalfa ghatkopar link road sakinaka andheri east mumbai 400072,Mumbai,,India,400072;Mumbai
https://www.zomato.com/chandigarh/hot-meals-sector-71-mohali;olive meals;Budanpur;Panchkula;Olive meals;Setor-10, Panchkula, India;Panchkula
https://www.zomato.com/pune/al-hifazat-kababs-caterers-yerawada;annapurva caterers;None;Pune;Annapurva caterers ;Pune ;Pune 
https://www.zomato.com/visakhapatnam/windys-restaurant-pedagantayada-vizag;windys family restaurant;None;None;Windys Family Restaurant;Opp Submarine, Beach Road, , , 530017;Visakhapatnam
None;karigar;None;None;KariGar;Opposite Bilal Masjid, Btm 1st stage near jaydeva bridge,;Bangalore
None;blueearth vagetables;Vijay Nagar;Indore;blueearth vagetables;FH 258 vijay nagar , indore, India;indore
https://www.zomato.com/lucknow/taste-of-china-hazratganj;taste of nawaab;None;Lucknow;Taste of Nawaab;Lucknow;Lucknow
https://www.zomato.com/ncr/home-food-tiffin-services-pitampura-new-delhi;home food services;Noida Road;None;home food services;choura raghunathpur near-c-block barat ghar sector-22 noida-201301., noida, India;noida
https://www.zomato.com/kolkata/sharma-dhaba-ballygunge;sharma dhaba;Ballygunge;Kolkata;SHARMA DHABA;17/1b Ballygung Circular Road kolkata.700019, kolkata, India,kolkata,,India,700019;kolkata
None;healthy bytess;Sector 21;Gurgaon;Healthy Bytess;841-A Sector-21 Pocket - E, Gurgaon, India;Gurgaon
https://www.zomato.com/kolkata/anamika-fast-food-center-picnic-garden;my choice fast food center;Jorasanko;Kolkata;MY CHOICE Fast food center;184 Rabindra Sarani, Kolkata, West Bengal, kolkata, India;kolkata
None;naghaseshu;None;Bengaluru;Naghaseshu;Andrabiriyani\nNear velankani tech park \nDodda thogur,ECTY-100, Bengaluru, India;Bengaluru
https://www.zomato.com/ncr/biryani-blues-sector-11-dwarka-new-delhi;calcutta  biryani;Dwarka;New Delhi;Calcutta  Biryani;C-30, vardhaman star city mall, near Ramphal chowk, Sec-7, Dwarka ., New Delhi, India;New Delhi
None;sample;None;Bhopal;sample;90/323, bhopal, India;bhopal
None;verma's kitchen;None;None;Verma's Kitchen;Shop No G 31, Harsha City Mall, Shakti Khand 2, Near St. Teresa, School, Indirapuram;Ghaziabad
None;manntra foods;Pimple Saudagar;Pimpri-Chinchwad;MANNTRA FOODS;I-11, DEEPMALA HOUSING SOCIETY,KOKANE CHOWK,PIMPLE SAUDAGAR, PUNE..411 027, India;PUNE..411 027
None;grandvindu;None;Hyderabad;Grandvindu;Hyderabad;Hyderabad
None;food chain;None;Moga;food chain;bhagat singh market, shope no-29, near Hotel prdie, moga, India;moga
None;organic tiffin services;Santacruz East;Mumbai;Organic Tiffin Services;Santacruz East, Mumbai, mumbai, India;mumbai
https://www.zomato.com/hyderabad/kaveri-restaurant-and-bar-kukatpally;kaveri restaurant;None;Hyderabad;Kaveri Restaurant;Hyderabad ;Hyderabad 
None;foodadda;Chittupur;Varanasi;foodadda;Chittupur,;varanasi
https://www.zomato.com/kolkata/o-zone-restaurant-bar-baguihati;pandab daripa;B-Zone;Durgapur;pandab daripa;durgapur, durgapur, India;durgapur
None;homiebox;Paschim Vihar;New Delhi;homiebox;paschim vihar, New Delhi, India;New Delhi
https://www.zomato.com/surat/golden-gate-restaurant-udhna-gam;mahek restaurant;Majura Gate;Surat;mahek restaurant;majura gate,surat, surat, India;surat
https://www.zomato.com/ncr/aam-aadmi-pakwaan-kamla-nagar-new-delhi;aam aadmi pakwaan;None;New Delhi;Aam aadmi pakwaan;New Delhi;New Delhi
None;pizza cabalen;None;Angeles;pizza cabalen;Angeles City,Philippines;Pampanga
https://www.zomato.com/ahmedabad/shivam-snacks-memnagar;shivam snacks;None;Ahmedabad;Shivam Snacks;Ahmedabad;Ahmedabad
https://www.zomato.com/kanpur/feed-me-more-kakadeo;vegg me;None;Kanpur;vegg me;kanpur, kanpur, India;kanpur
None;theburninghookah;None;Kanpur;theburninghookah;18/517 k-block kidwai nagar karpur\nnear bank of baroda, Kanpur UP, India;Kanpur UP
None;afterhour;Muneshwara Nagar;Bengaluru;afterhour;#9, 3rd Cross, mangamanapalya Road, Bengaluru, India;Bengaluru
https://www.zomato.com/kolkata/singh-n-ching-kalighat;singh foods;None;Kolkata;SINGH FOODS;Kolkata;Kolkata
https://www.zomato.com/ncr/radha-ki-rasoi-sector-10-dwarka;radha ki rasoi;None;Ghaziabad;Radha Ki Rasoi;Sector 6 Plot No 30, Vaishali, Near Satyam Shivam Sundaram Apartment, Ghaziabad;Ghaziabad
None;centre point;None;Badlapur;Centre Point ;Survey Number-1, Pipeline Road,, Badlapur, India;Badlapur
https://www.zomato.com/hungry-monkeys-food-truck;hungry monkeys;Panchwati;Udaipur;Hungry Monkeys;Next Lane from Big Bazaar, Sukhadia Circle, Udaipur, India;Udaipur
None;bittoo tikki wala;None;New Delhi;Bittoo Tikki Wala;New Delhi;New Delhi
https://www.zomato.com/ncr/chilis-treat-najafgarh-new-delhi;chili's treat;Najafgarh;New Delhi;Chili's treat;1624/1,Main Thana Road,Opp.OBC.Bank, Najafgarh New Delhi-110043,Najafgarh New Delhi,,India,110043;Najafgarh New Delhi
https://www.zomato.com/pune/mayur-veg-thali-east-street;mayur;None;Pune;Mayur;Pune;Pune
https://www.zomato.com/mumbai/jaffer-bhais-delhi-darbar-mahim;bottlestories;Mahim;Mumbai;bottlestories;Mahim west, mumbai - 400016, mumbai, India;mumbai
None;tiffinservice @;None;None;TIFFINSERVICE @9540616220;Gali no 3, Chhalera Market, Sector-37, Noida ,201301;Noida
https://www.zomato.com/salem-or/jiveds-market-bakery-and-meat-shop-salem;online fresh meat;Gugai;Salem;ONLINE FRESH MEAT;No.1 Arumuga Pillyar Koil Street , Gugai  ,  Salem , Salem, India;Salem
https://www.zomato.com/ncr/shree-sai-hari-caterers-mayapuri-phase-2-new-delhi;sai kripa caterers;None;New Delhi;Sai Kripa Caterers;New Delhi;New Delhi
https://www.zomato.com/ahmedabad/dinner-bell-2-memnagar;the lunch box;Memnagar;Ahmedabad;The Lunch Box;15- Parashwanth Tower Opp HDFC bank ,Subhash chowk ,Gurukul, Ahmedabad, India;Ahmedabad
None;gfashion;Machkhowa;Guwahati;gfashion;ABC\nGuwahati-5\n, guwahati, India;guwahati
https://www.zomato.com/chennai/sigree-global-grill-thuraipakkam;egc global foods;None;Chennai;Egc Global Foods;Chennai;Chennai
https://www.zomato.com/mumbai/ghar-ka-khana-sion;ghar ka khana;None;Sion Koliwada;Ghar Ka Khana;Sion Koliwada, Mumbai, India;Mumbai
https://www.zomato.com/ncr/sameers-restaurant-mayur-vihar-new-delhi;the caspian indiana restaurant;Mayur Vihar;New Delhi;The Caspian Indiana Restaurant;B 1/14, Central Market, Sector 50, Noida;Noida
https://www.zomato.com/new-town-nd/tdh-fast-foods-new-town;ganpati foods;Newtown;New Town;GANPATI FOODS;SP SUKHOBRISTI FLAT NO. K/40/504 NEW TOWN ACTION AREA III, KOLKATA, India;KOLKATA
https://www.zomato.com/mumbai/casadella-bake-foods-mira-road;shwazo foods pvt. ltd.;None;Mumbai;Shwazo Foods Pvt. Ltd.;01, Mohmad Ali taj bhai building, Arthur road, Chinchpokli (W), mumbai - 400011, Mumbai, India;Mumbai
None;amrut caterers;None;Ahmedabad;Amrut Caterers;Ahmedabad;Ahmedabad
None;octopus japanese restaurant;None;Kuala Lumpur;Octopus Japanese Restaurant ;Kuala Lumpur;Kuala Lumpur
https://www.zomato.com/bangalore/delhi-food-point-koramangala-1st-block;wtz online food booking;Koramangala;Bengaluru;WTZ Online Food Booking;#20, KHB Colony, 1st A Cross, Koramangala 5th Block, Bangalore, India;Bangalore
https://www.zomato.com/jaipur/marhaba-elite-c-scheme;marhaba elite;None;Jaipur;Marhaba Elite ;Jaipur ;Jaipur 
https://www.zomato.com/bangalore/kasturi-vihar-banaswadi;soulfood;Kasturi Nagar;Bengaluru;Soulfood;Kasturi Nagar;Bangalore
https://www.zomato.com/agra/oasis-multicuisine-restaurant-tajganj;food temple multicuisine restaurant;Agra Shamshabad Raja Kherah Marg;Agra;Food Temple Multicuisine Restaurant;kehari mod shamshabad road,Agra,,India,282004;Agra
https://www.zomato.com/pune/hotel-silver-seven-akurdi;smallbite.in;Akurdi;Pimpri-Chinchwad;SmallBite.in;Akurdi, Pune, India;Pune
https://www.zomato.com/visakhapatnam/cozinha-de-goa-mvp-colony-vizag;cozinha de goa;MVP Colony;Visakhapatnam;Cozinha De Goa;113-44, Ushodhaya Junction, Sector-12, MVP colony, Visakhapatnam, Andhra Pradesh, India;Visakhapatnam
https://www.zomato.com/kolkata/dosa-zone-howrah-station-area-howrah;dosa zone;None;None;DOSA ZONE;48,AMARNATH ROAD\nUTTARPARA,HOOGHLY ,W.B.\nNEAR HALDIRAM, UTTARPARA, India;UTTARPARA
https://www.zomato.com/hartford/lillys-soul-food-windsor;lilly's corner;Briar Hill Road;Norfolk;Lilly's Corner;930 Briar Hill rd ,unit B,Norfolk,United States-23502;Norfolk
None;hudson  hotel's  resort's and spa;None;None;HUDSON  HOTEL'S  Resort's And SPA;157 Pondur Bypass Chengelpet High Road Sriperambdur,Chennai,,India,602105;Chennai
https://www.zomato.com/chandigarh/fire-n-grill-sector-10;fire 'n' grill;Sector 10;Chandigarh;Fire 'n' Grill;Sector 10, Chandigarh, India, Chandigarh, India;Chandigarh
https://www.zomato.com/ncr/little-chef-paschim-vihar-new-delhi;the chef;None;None;THE CHEF;THE CHEF SHOP NO 5 SECTER 15A;NOIDA
None;benison food court;Guwahati - Shillong Road;Guwahati;BENISON food court;G.N.B.Road. Guwahti Club\nGuwahati.Assam, Guwahati, India;Guwahati
https://www.zomato.com/ahmedabad/food-on-way-satellite;food on way;None;Ahmedabad;FOOD ON WAY;Ahmedabad;Ahmedabad
https://www.zomato.com/bangalore/too-busy-cooks-banaswadi;too busy cooks;None;Bengaluru;Too Busy Cooks;56/5, Silver Cloud Layout,\nOpp. Sun Shine School,\nKalkere Main Road,\nKalkere - 560043, Bangalore, India;Bangalore
https://www.zomato.com/coimbatore/lets-eat-meat-saibaba-colony;let's eat meat;Saibaba Colony;Coimbatore;Let's Eat Meat;No.227-1, NSR Road, Saibaba Colony, Coimbatore,Coimbatore,,India,641011;Coimbatore
None;islet;None;Chennai;ISLET;ISLET FOODS PVT LTD, no 29 fourth floor, appavoo street, ellis road, chennai-600005,chennai,,India,600005;chennai
None;foodrinks;Koramangala;Bengaluru;FooDrinks;Koramangala, Bangalore, Bangalore, India;Bangalore
https://www.zomato.com/bangalore/buzz-a-meal-jp-nagar;delhi meal;None;Bengaluru;DELHI MEAL;Bengaluru;Bengaluru
https://www.zomato.com/lucknow/foodbunny-gomti-nagar;foodbunny;Gomti Nagar;Lucknow;foodbunny;3/88 Vinamra Khand, Gomti Nagar, Lucknow., Lucknow, India;Lucknow
https://www.zomato.com/bhopal/my-foods-cafe-tt-nagar;my foods;Malviya Nagar;Bhopal;My foods;s-31, gtb complex, new market,Bhopal,,India,462003;Bhopal
None;foodbite;None;Hyderabad;Foodbite;Hyderabad ;Hyderabad 
None;soaberdeen;Union Street;Aberdeen;Soaberdeen;269 Union Street, Aberdeen, AB11 6BR;aberdeen
https://www.zomato.com/hyderabad/dimmys-pan-palace-jubilee-hills;jubilee pan shop;Jubilee Hills;Hyderabad;Jubilee Pan shop;Jubillee hills road no 36;Hyderabad
None;e-fish;Ambattur Industrial Estate;Chennai;E-Fish;#10A, Maharashi Teacher Colony, Bharathi Salai, Vanagaram, chennai 600095;Chennai
https://www.zomato.com/bangalore/tomatina-hsr;tomatina;HSR Layout;Bengaluru;TOMATINA;2631, 27th Main, 1st Sector, HSR Layout,Bangalore,,India,560102;Bangalore
https://www.zomato.com/ncr/urban-pind-greater-kailash-gk-2-new-delhi;urban pind;None;New Delhi;URBAN PIND;NEW DELHI;NEW DELHI
https://www.zomato.com/bangalore/lunch-outlet-koramangala-1st-block;lunch outlet;None;Bengaluru;Lunch Outlet;Bengaluru;Bengaluru
None;homeaahar;None;Hyderabad;HomeAahar;Hyderabad;Hyderabad
https://www.zomato.com/kolkata/lebanese-junction-hatibagan;lebanese junction;None;Kolkata;Lebanese Junction;Kolkata;Kolkata
None;u s pizza;None;None;U S PIZZA;No 3,T.P.K. Main Road,Pasumalai,Opp Anita Kitchen,Madurai,,India,625003;Madurai
https://www.zomato.com/ncr/jugaad-kitchen-sector-31-gurgaon;jugaad kitchen;Sector 31;Gurgaon;Jugaad Kitchen;Gurgaon Sector 31;Gurgaon
https://www.zomato.com/hyderabad/hotel-shilpi-family-restaurant-dilsukhnagar;shilpa caterings;None;Hyderabad;Shilpa Caterings;Hyderabad;Hyderabad
https://www.zomato.com/chennai/annai-chettinad-hotel-maduravoyal;sree annai catering;None;Chennai;Sree Annai Catering;Chennai;Chennai
https://www.zomato.com/ncr/lite-eat-cafe-saket-new-delhi;smo lite;None;Gurgaon;SMO Lite;Gurgaon;Gurgaon
None;milkywayofindia;None;Chennai;Milkywayofindia;Chennai;Chennai
https://www.zomato.com/hyderabad/al-zaara-matbaq-al-mandi-tolichowki;al's meats;None;Hyderabad;Al's Meats;Hyderabad;Hyderabad
https://www.zomato.com/bangalore/abhi-kabab-corner-jalahalli;abhi resraurant;Gnana Bharathi;Bengaluru;Abhi Resraurant;flat no 305, gaana riddhi apartments,Bengaluru,,India,560056;Bengaluru
https://www.zomato.com/jaipur/agarwal-sweets-caterers-vaishali-nagar;salsa caterers;None;Jaipur;Salsa Caterers;Jaipur;Jaipur
None;anjali catrers;None;Vadodara;Anjali Catrers;Vadodara;Vadodara
None;bsk enterprise;None;Indore;BSK Enterprise;industrial area polo ground indore (M.P ),Indore,,India,;Indore
https://www.zomato.com/vadodara/rajbhog-dining-hall-mandvi;mohanthal dining hall;Natubhai Circle;Vadodara;Mohanthal Dining hall;101, Trvia Mall , Natubhai Circle,vadodara,,India,390009;vadodara
https://www.zomato.com/jaipur/rivaaz-the-res-cafe-mansarovar;rivaaz;None;Jaipur;Rivaaz;Jaipur;Jaipur
None;bharat overseas - tandoor manufacturer;None;New Delhi;Bharat Overseas - Tandoor Manufacturer;KH No - 653, G/F, Bijwasan, Near Shiva Public School, New Delhi - 110061;New Delhi
https://www.zomato.com/jaipur/boutique-tiffin-malviya-nagar;delicious tiffin;None;Jaipur;Delicious Tiffin;Jaipur;Jaipur
None;omglunchbuzzer;None;Indore;Omglunchbuzzer;Indore;Indore
None;bluivy;None;Chennai;Bluivy;Chennai;Chennai
https://www.zomato.com/mumbai/masala-library-bandra-kurla-complex;hakim masala;None;Mumbai;Hakim Masala;Mumbai;Mumbai
https://www.zomato.com/nelson-bay-nsw/mod-thai-food-nelson-bay;jsk food zone;None;Kota;Jsk Food zone;Kota;Kota
https://www.zomato.com/indore/mister-shef-vijay-nagar;mister shef;None;Indore;Mister Shef;Indore;Indore
https://www.zomato.com/coimbatore/bird-on-tree-race-course;bird on tree;None;Coimbatore;Bird On Tree;Bird On Tree, No.28, Kamaraj Road (Opp. Circuit House), Race Course, Coimbatore - 641018, Tamil Nadu, India.;Coimbatore
https://www.zomato.com/coeur-dalene-id/latte-lane-hayden;habibahlahie;South Afghan Lane;Coeur d'Alene;Habibahlahie;557+,0000,Afghanistan;Batangas
https://www.zomato.com/jaipur/house-on-fire-vaishali-nagar;house on fire;None;Jaipur;House On Fire;Jaipur;Jaipur
None;sonia;None;Hyderabad;Sonia;Hyderabad;Hyderabad
https://www.zomato.com/bangalore/connies-restaurant-steakhouse-kammanahalli;connie's restaurant;None;Bengaluru;Connie's Restaurant ;Bangalore ;Bangalore 
None;quality kitchen equipments;None;Chennai;Quality Kitchen Equipments;Chennai;Chennai
https://www.zomato.com/indore/jumbo-king-vijay-nagar;king of snacks;Vijay Nagar;Indore;King Of Snacks  ;F 4 scheme no 54 vijaynagar,Indore,,India,452010;Indore
https://www.zomato.com/hyderabad/laxmi-priya-restaurant-caterers-film-nagar;satyam caterers;None;Hyderabad;Satyam Caterers;Hyderabad ;Hyderabad 
https://www.zomato.com/vadodara/swad-alkapuri;swad restaurant;None;None;Swad Restaurant;Shiva kaka shopping center,g.i.d.c.road,nandesari crossing ,Vadodara,Vadodara,India-391340;Vadodara
https://www.zomato.com/vadodara/38-bangkok-street-vadiwadi;38 bangkok street - pure veg restaurant;None;Vadodara;38 Bangkok Street - pure Veg Restaurant;Vadodara,Vadodara,,India,390007;Vadodara
https://www.zomato.com/ahmedabad/hungry-birds-amraiwadi;hungry birds - omg group;Vastral;Ahmedabad;Hungry Birds - Omg Group;Ahmedabad,vastral,,Japan,382418;vastral
https://www.zomato.com/hyderabad/laxmi-priya-restaurant-caterers-film-nagar;saroja caterers & hostels;None;Hyderabad;Saroja caterers & Hostels;Hyderabad;Hyderabad
https://www.zomato.com/ahmedabad/ahmedabad-15-vastrapur;ahmedabad-15 foods i the complet  hunger solution;Vastrapur;Ahmedabad;Ahmedabad-15 Foods I The Complet  Hunger Solution;G.F. 1-2-6, U. F .5-7 Neeldeep Complex, Lad Society Road, Nehrupark, Vastrapur, - 380015, Ahmedabad,;Ahmedabad
https://www.zomato.com/varanasi/zaika-bhelupur;zaika family restaurant;Bhelupur;Varanasi;Zaika Family Restaurant;Ravindrapuri,Varanasi,India;Varanasi
https://www.zomato.com/hyderabad/jalpaan-begumpet;jalpaan;Begumpet;Hyderabad;Jalpaan;sindhi colony,Secunderabad,,India,500003;Secunderabad
None;jannat restaurants;None;None;Jannat Restaurants;, tamilnadu;Chennai
https://www.zomato.com/vadodara/real-paprika-vadiwadi;real paprika;Manjalpur;Vadodara;Real Paprika;FF shopno.1,2,3, ,Rutukalash Complex,Tulsidham Char Rasta,Vadodara,,India,390011;Vadodara
https://www.zomato.com/blacksheepbistro;the black sheep bistro;None;None;The Black Sheep Bistro;The Black Sheep Bistro, Swami Vivekananda Road, Near ICICI, , , 403001;Panaji
https://www.zomato.com/chennai/amaravathi-andhra-home-foods-ashok-nagar;amaravathi home foods;T Nagar;Chennai;Amaravathi Home Foods;17 Vijayaragava road T.nagar,Chennai,,India,600017;Chennai
https://www.zomato.com/ncr/beliram-degchiwala-malviya-nagar-new-delhi;beliram degchiwala;Punjabi Bagh;New Delhi;Beliram Degchiwala | Indian Authentic Food;Punjabi bagh-2, 23 NWA road west punjabi bagh delhi- 110026;West Delhi
https://www.zomato.com/vadodara/tadka-by-offside-alkapuri;tadke pe tadka;None;Vadodara;Tadke Pe Tadka;Opp khanderao Market, khadiya lane no 2, rajmahel road,Vadodara,,India,390001;Vadodara
https://www.zomato.com/pune/shri-sadguru-krupa-pimple-gurav;shree sadguru krupa enterprises;Chikhali;Pimpri-Chinchwad;Shree sadguru krupa enterprises;Survey  No. 1614, Dehu Alandi Road, Chikhali Pune;Pune 
https://www.zomato.com/indore/namo-atithi-foods-rajendra-nagar;atithi satkar;None;Indore;Atithi Satkar;Indore;Indore
None;online food delivery;None;Vijayawada;Online Food Delivery | Hyderabadi Biryani Home Delivery | Vijayawada;Vijayawada,\nAndhra Pradesh,\nIndia.\n;Vijayawada
https://www.zomato.com/vadodara/blossomms-akota;blossomms;None;Vadodara;blossomms;Vadodara,India;Vadodara
https://www.zomato.com/mumbai/persian-darbar-byculla;persian darbar;None;Mumbai;Persian Darbar;Mumbai,India;Mumbai Suburban
https://www.zomato.com/chennai/aasife-biriyani-gst-road;aasife & brothers biryani centre;Old Washermanpet;Chennai;Aasife & Brothers Biryani Centre;No. 208, Anna Salai, Thousand Lights, Near Thousand Lights Mosque, - 600 006.;Chennai
None;the meatball joint;Jumeirah Lakes Towers;Dubai;The Meatball Joint;Jumeirah lake towers x3 ,Dubai,-30385,;Dubai
None;malabar kitchen;None;Bengaluru;Malabar Kitchen;Bangalore,Bangalore,,India,560076;Bangalore
None;bestfood;None;New Delhi;Bestfood;New Delhi;New Delhi
https://www.zomato.com/vadodara/anjoy-the-family-restaurant-alkapuri;spice nation the family restaurant;None;Vadodara;Spice Nation The Family Restaurant;Vadodara,India;Vadodara
https://www.zomato.com/jaipur/food-bunny-llp-sodala;food bunny;None;Jaipur;Food Bunny;Jaipur;Jaipur
None;sit n sip;None;Chennai;Sit N Sip;Chennai ;Chennai 
https://www.zomato.com/chennai/royal-indianaa-t-nagar;royal brunei furniture;None;Chennai;ROYAL BRUNEI FURNITURE;Chennai;Chennai
https://www.zomato.com/ahmedabad/pomos-pizza-gurukul;pomo's pizza - unlimited with fun.;Memnagar;Ahmedabad;Pomo's Pizza - Unlimited With Fun.;24,Abhinav Colony,1st Floor,Drive In Road,Gurukul, Ahmedabad;Ahmedabad
https://www.zomato.com/mumbai/poonam-kapurs-healthy-tiffins-andheri-west;wow! tiffins;None;Mumbai;WoW! Tiffins;Mumbai;Mumbai
https://www.zomato.com/ahmedabad/qwiches-navrangpura;qwiches;Sector 3;Gandhinagar;Qwiches;xyz,Ahmedabad,Gujarat,India;Ahmedabad
https://www.zomato.com/ncr/chaiyum-foods-beverages-pvt-ltd-sector-10-dwarka-new-delhi;cookman cooking equipments pvt. ltd;Sector 30;Gurgaon;Cookman Cooking Equipments Pvt. Ltd;Plot No: 26, Sector - 24, , Haryana- 121 005;Faridabad
https://www.zomato.com/chennai/sri-ram-sweets-chat-k-k-nagar;sri sai ram industries;None;None;SRI SAI RAM INDUSTRIES    9840021056;No 32 A Augathiyar Street Susila Nagar Kodungaiyur kannadasan bus stop, , , 600118;Chennai
https://www.zomato.com/chennai/madurai-vaigai-pandian-hotel-gst-road;madurai meenakshi appalam;Chinthamani Road;Madurai;Madurai Meenakshi Appalam;122/2, Chinna Anuppanadi Road, Chinthamani,Madurai,,India,625009;Madurai
None;food cab;None;Chula Vista;Food Cab;Chula Vista;Chula Vista
https://www.zomato.com/indore/the-chaat-m3-new-palasia;the chaat m3;None;Indore;The Chaat M3;G-14, Royal Manik, Near of Dolphin Hospital, 56 Shops, M. G. Road, Indore (M. P.);Indore
https://www.zomato.com/visakhapatnam/hot-chicken-balayya-sastri-layout-vizag;hot grill;None;Visakhapatnam;Hot Grill;vishakapatnam,vikshakapatnam,Andhra Pradesh,India,530013.;vikshakapatnam
https://www.zomato.com/ncr/parikrama-the-revolving-restaurant-connaught-place-new-delhi;galvizinne restaurant;Connaught Place;New Delhi;Galvizinne Restaurant;connaught place central Delhi, Delhi,Delhi,,India,110001;Delhi
https://www.zomato.com/ahmedabad/silver-dine-platinum-hotels-paldi;prithvi hotels;Maninagar;Ahmedabad;Prithvi Hotels;Maninagar , Nr. Bridge, LG Road,,Ahmedabad,,India,380008;Ahmedabad
None;dream kitchens india;None;New Delhi;Dream Kitchens India;New Delhi;New Delhi
https://www.zomato.com/royal-caterers;raja caterers;None;Chennai;Raja Caterers;Chennai,India;Chennai
None;spicy young world restaurant;Warangal Road;Warangal;Spicy Young World Restaurant;Warangal,Warangal,,India,500002;Warangal
https://www.zomato.com/ahmedabad/the-green-pearl-restaurant-bodakdev;the green pearl;None;Ahmedabad;The green pearl;Ahmedabad,India;Ahmedabad
https://www.zomato.com/chennai/aasife-brothers-biriyani-centre-thuraipakkam;aasife brothers;None;Chennai;Aasife Brothers;Chennai;Chennai
https://www.zomato.com/indore/chaar-bhuja-sweets-namkeen-hig-lig;chatar patar;Piplya Kumar;Indore;Chatar Patar;181 ,Gulab Bagh ,Dewas Naka,Indore,Madhya Pradesh-452001,;Indore
None;rajenderkadhaba;None;New Delhi;Rajenderkadhaba;NewDelhi;NewDelhi
https://www.zomato.com/kolkata/haveli-sector-2-salt-lake;haveli;None;Kolkata;Haveli;Kolkata;Kolkata
https://www.zomato.com/ahmedabad/hotel-moti-mahal-kalupur;hotel moti mahal;None;Ahmedabad;Hotel Moti Mahal;Hotel Moti Mahal,Ahmedabad,Gujarat,India,380006.;Ahmedabad
https://www.zomato.com/ncr/bunnys-bite-n-sip-najafgarh-new-delhi;cookiefastfood@nowfloats.com;Najafgarh;New Delhi;Cookiefastfood@nowfloats.com;Near BABA HARIDAS NAGAR POLICE STATION BENGALI COLONY KALLI PIAU NAJAFGARH NEW DELHI-110043;Near BABA HARIDAS NAGAR POLICE STATION BENGALI COLONY KALLI PIAU NAJAFGARH NEW DELHI-110043
https://www.zomato.com/indore/the-yellow-chilli-vijay-nagar;the yellow chilli;None;Indore;The Yellow Chilli;Indore;Indore
None;food kart;None;Bengaluru;Food Kart ;Bangalore;Bangalore
https://www.zomato.com/goa/hhaathee-restro-bar-sheesha-lounge-candolim;southi restro bar;None;Candolim;Southi Restro Bar;south-i zense resorts 1088, Escreao waddo,opp novotel shrems hotel,Candolim,,India,403515;Candolim
https://www.zomato.com/pune/bobs-treat-law-college-road;bob's treat;Warje;Pune;Bob's Treat;warje naka pune, pune, India;pune
None;ratna sagar;None;None;Ratna Sagar;Umta Vaddo,calangute Beach,bardez Gao;Umta Vaddo,calangute Beach,bardez Gao
https://www.zomato.com/ncr/our-story-bistro-tea-room-sector-18-noida;dum pakwan- your satisfaction is our success;None;New Delhi;Dum Pakwan- Your Satisfaction is our success;Third floor,Plot no.10, Sec-5,Main market,Dwarka,New Delhi,India-110075.;Delhi
https://www.zomato.com/visakhapatnam/coastal-cuisine-seethammadhara-vizag;coastal cuisine;Seethammadhara Road;Visakhapatnam;Coastal Cuisine;Seethmmadhara,Visakhapatnam,Andhra Pradesh,India,500013.;Visakhapatnam
https://www.zomato.com/ahmedabad/amazo-bistro-bodakdev;amazo;None;Ahmedabad;Amazo;Ahmedabad,India;Ahmedabad
None;asm frozen food;Yishun Ring Road;Singapore;Asm Frozen Food;BLK103#01-321, Yishun Ring Road, Singapore;Singapore
https://www.zomato.com/hyderabad/china-chef-neredmet;china chef;Sainikpuri;Secunderabad;China Chef;37-72/6/7 near Ganesh temple towards sainikpuri road,Secunderabad,Telangana,India,500056.;Secunderabad
https://www.zomato.com/niniskitchen;nini's kitchen;None;Ahmedabad;Nini's Kitchen;2 First Floor, Camps Corner 2, Opp. Prahladnagar Garden,Ahmedabad,,India,380015;Ahmedabad
https://www.zomato.com/ahmedabad/70-degrees-east-thaltej;70 degree east;None;Ahmedabad;70 degree east;Ahmedabad,India;Ahmedabad
https://www.zomato.com/ncr/moets-shack-defence-colony-new-delhi;moets catering services;Defence Colony;New Delhi;Moets Catering Services ;50, Defence Colony, Delhi;South Delhi
None;monkeybox;None;Bengaluru;Monkeybox;Bangalore;Bangalore
None;apna kitchen;None;None;Apna Kitchen;Delhi;Delhi
https://www.zomato.com/ncr/wah-ji-wah-saket-new-delhi;wah ji wah saket;None;New Delhi;Wah Ji Wah Saket;K-3/4 Block -B Saket  Near Pvr Anupam Cinemas, New Delhi, , 110017;New Delhi
https://www.zomato.com/coimbatore/my-place-restaurant-ramanathapuram;chick inn restaurant;Ramanathapuram;Coimbatore;Chick Inn Restaurant;Ramanathapuram;Ramanathapuram
https://www.zomato.com/coimbatore/my-place-restaurant-ramanathapuram;chick inn;Ramanathapuram;Coimbatore;Chick Inn;Ramanathapuram;Ramanathapuram
https://www.zomato.com/ncr/rasoi-the-caterers-charmwood-village-faridabad;sangam caterers;None;None;Sangam Caterers;SEC - 5/108, Kamna Appt.Vaishali;Ghaziabad
https://www.zomato.com/hyderabad/balaji-santosh-family-dhaba-chanda-nagar;balaji santosh family dhaba;None;Hyderabad;Balaji Santosh Family Dhaba;Pillar no:121, near golconda function hall, attapur ring road ,Hyderabad,Telangana,India,500036.;Mahabubnagar
https://www.zomato.com/ahmedabad/amazo-bistro-bodakdev;amazo bistro;None;Ahmedabad;Amazo Bistro;Ahmedabad,India;Ahmedabad
https://www.zomato.com/east-of-england/chicken-hut-harlow-harlow;tikka hut;Bearton Road;Hitchin;Tikka Hut;151c Bearton Road,Hitchin,-SG5 1UB,;Hitchin
https://www.zomato.com/ncr/om-sweets-snacks-sector-31-gurgaon;om sai caterers;Sector 31;Noida;Om Sai Caterers;Sector_31 Noida;Sector_31 Noida
https://www.zomato.com/ncr/rasoi-the-caterers-charmwood-village-faridabad;singh caterers and decorators;None;None;Singh Caterers and Decorators;Plot No 23, Ground Floor, Niti Khand 3, Indirapuram;Ghaziabad
https://www.zomato.com/bangalore/oye-amritsar-koramangala-6th-block;oye amritsar;None;Bengaluru;Oye Amritsar;Bangalore,India;Bangalore
https://www.zomato.com/ahmedabad/patang-the-revolving-restaurant-ashram-road;zodiac restaurant;None;Ahmedabad;Zodiac Restaurant;Ground Floor ,Near Memnagar Fire Station ,Vijay Cross Road ,Navrangpura ,Ahmedabad,Gujarat-380015,;Ahmedabad
https://www.zomato.com/goa/st-anthony-resto-bar-calangute;rawalnath resto bar;None;Vagator;Rawalnath Resto Bar;Behind chapora football ground,  chapora road,  vagator, Anjuna,Vagator,,India,403509;Vagator
https://www.zomato.com/hyderabad/ambika-tiffin-center-attapur;ambica sales & services;None;None;Ambica Sales & Services;A-3, S. J. D'souza Compound, Natal Estate, Next to Kamani Oil Mill, Chandivali Road,;Mumbai Suburban
https://www.zomato.com/ahmedabad/red-rock-mani-nagar;red scooter;None;Ahmedabad;Red Scooter;Ahmedabad,India;Ahmedabad
https://www.zomato.com/southcafeahmedabad;south cafe;Satellite;Ahmedabad;South Cafe;FF 140 ,Satyam Mall ,Kameshwar High School ,Satellite,Ahmedabad,Gujarat-380015,;Ahmedabad
https://www.zomato.com/ncr/veg-gulati-pandara-road-new-delhi;veg gulati restaurant;India Gate;New Delhi;Veg Gulati Restaurant;8-Pandara Road Market, New Delhi-110003, India, [Near India Gate];Delhi
https://www.zomato.com/ahmedabad/shri-jay-jalaram-khaman-house-mani-nagar;shri jalaram caterers;Naryanpura;Ahmedabad;Shri Jalaram Caterers;Block 3/25, Parasnagar, Part 1, Naranpura, ,Ahmedabad,Gujarat,India,380061.;Ahmedabad
https://www.zomato.com/jakarta/dkevin-bar-bistro-steak-sudirman;oui steak and bistro;None;Jakarta;Oui Steak And Bistro;gedung djakarta theater,jakarta,Jakarta,Indonesia;jakarta
https://www.zomato.com/hyderabad/sri-gonguras-chennai-tiffins-1-lakdikapul;gonguras;None;Hyderabad;Gonguras;Hyderabad,India;Hyderabad
https://www.zomato.com/goa/cafe-bhonsle-panaji;casa bhonsle;None;None;Casa Bhonsle ;Above Cafe Bhonsle, Near National Theatre,,Panaji,,India,403001;Panaji
None;delhi tandoor house;Subzi Mandi;New Delhi;Delhi Tandoor House;3747, Street Kumharan, Near Ice Factory, Old Subzi Mandi, Delhi - 110007;New Delhi
https://www.zomato.com/mumbai/opa-bar-cafe-the-peninsula-grand-hotel-sakinaka;peninsula restaurants;None;Mumbai;Peninsula Restaurants;Mumbai,India;Mumbai Suburban
https://www.zomato.com/ahmedabad/south-masala-thaltej;south masala;None;Ahmedabad;South Masala;07,08 F / F, Devaditya Arcad, Nr Bagbanparty plot, Shilaj thaltej rod, A'bad. ,Ahemdabad ,Gujarat,India,380059.;Ahmedabad
https://www.zomato.com/mysore/chatori-street-jayalakhsmipuram;chatori street;Jayalakshmipuram;Mysuru;Chatori Street ;opp.muthoot finance,kalidasa road,jayalakshmipuram, mysore.,mysore ,Karnataka,India;Kodagu
https://www.zomato.com/ahmedabad/meritorious-navrangpura;meritorious restaurant;Navrangpura;Ahmedabad;Meritorious Restaurant;commerce six road,ahmedabad,Gujarat,India,380006.;Ahmedabad
https://www.zomato.com/hyderabad/cocos-bar-grill-banjara-hills;salz resto bar;Banjara Hills;Hyderabad;Salz Resto Bar;Banjara Hills ,Hyderabad,Telangana,India,500033.;Mahabubnagar
https://www.zomato.com/hyderabad/wings-n-fries-kukatpally;swast n mast;Kukatpally;Hyderabad;Swast N Mast;KPHB 6th phase ,Hyderabad,Telangana,India,500072.;Hyderabad
None;j&jconcession;None;Derry;J&Jconcession;Derry,Rockingham County,NH-03038,;Rockingham County
https://www.zomato.com/ahmedabad/sardar-foods-infocity-gandhinagar;amaya foods;None;Ahmedabad;Amaya Foods;Ahmedabad,India;Ahmedabad
https://www.zomato.com/hyderabad/hyderabad-spice-kukatpally;hyderabad spice;Kukatpally;Hyderabad;Hyderabad Spice;788,789, sigma plaza, Pragathi Nagar,  center, KPHB,Hyderabad,Telangana,India,500090.;Hyderabad
None;one restaurant lounge;Jubilee Hills;Hyderabad;One Restaurant Lounge;5th Floor, Above Reliance Trends, Jubilee pride building  Jubilee Hills checkpost  Jubilee hills,Hyderabad,,India,500033;Hyderabad
https://www.zomato.com/ncr/donalds-pastry-shop-raj-nagar-ghaziabad;tapan raj;None;New Delhi;Tapan Raj;New Delhi,India;New Delhi
https://www.zomato.com/ahmedabad/laxmi-ganthiya-rath-ambavadi;ajay gathiya rath;None;Ahmedabad;Ajay gathiya Rath;Ahmedabad,India;Ahmedabad
https://www.zomato.com/ahmedabad/lazeez-mughlai-cuisine-satellite;la cuisine;None;Ahmedabad;La Cuisine;Ahmedabad,India;Ahmedabad
https://www.zomato.com/udaipur/hariyali-restaurant-city-centre;hariyali restaurant;Brahmpuri;Udaipur;Hariyali Restaurant;Gulab bsgh,Udaipur,Rajasthan,India,313001.;Udaipur
None;pizza point;None;Ahmedabad;Pizza Point;Ahmedabad,India;Ahmedabad
https://www.zomato.com/hyderabad/flavors-lounge-madhapur;flavors lounge;Madhapur;Hyderabad;Flavors Lounge;1-98/14/A opp to Hitech theater,madhapur,hyderabad,Telangana,India,500081.;hyderabad
https://www.zomato.com/ahmedabad/olives-restaurant-bodakdev;olives restaurent;None;None;Olives restaurent;olives restaurent near sindhubhavan,pakvan to bopal road,bodakdevAhmedabad,India;Ahmedabad
https://www.zomato.com/ahmedabad/shiv-shakti-skydine-restaurant-gota;bhakti hospitality solutions;None;Ahmedabad;Bhakti Hospitality Solutions;Ahmedabad,India;Ahmedabad
https://www.zomato.com/ahmedabad/black-salt-thaltej;black salt restaurant;None;Ahmedabad;Black Salt Restaurant;FF 106 Siesta Business Zone Nr Baghban Party Plot Thatej,Ahmedabad,Gujarat-380059,;Ahmedabad
https://www.zomato.com/ahmedabad/dakshinayan-satellite;dakshinayan;None;Ahmedabad;Dakshinayan;Ahmedabad,India;Ahmedabad
None;foodjunction;Pitampura;New Delhi;foodjunction;PITAMPURA,NEW DELHI;DELHI
https://www.zomato.com/ahmedabad/tawa-dawat-navrangpura;tawa dawat;None;Ahmedabad;Tawa Dawat;Ahmedabad,India;Ahmedabad
https://www.zomato.com/ahmedabad/patang-the-revolving-restaurant-ashram-road;egg fast;Ashram Road;Ahmedabad;Egg Fast;City Gold ,Near Mac Donalad,Ashram Road ,Ahmedabad,Gujarat-380009,;Ahmedabad
https://www.zomato.com/hyderabad/prost-brew-pub-jubilee-hills;big brew bus;None;Hyderabad;Big Brew Bus;Hyderabad,Telangana,India,500032.;Mahabubnagar
https://www.zomato.com/hyderabad/beijing-bistro-miyapur;beijing bistro;None;Hyderabad;Beijing Bistro ;H.No. 8-203, Allwyn Colony, Miyapur Allwyn Crossing, Opp to More Super Market,Hyderabad,Telangana,India,500049.;Hyderabad
https://www.zomato.com/hyderabad/blue-bird-of-wood-hotel-blue-petal-kukatpally;blue petal;Kukatpally;Hyderabad;Blue Petal;Nizampet x roads, kukatpally,Hyderabad,Telangana,India,500072.;Mahabubnagar
https://www.zomato.com/ahmedabad/hotel-planet-landmark-bodakdev;hotel landmark;None;Ahmedabad;Hotel landmark;Ahmedabad,India;Ahmedabad
https://www.zomato.com/redmond-wa/inchins-bamboo-garden-redmond;bamboo garden;None;Bellevue;Bamboo Garden;Bellevue ,United States;Bellevue 
https://www.zomato.com/ahmedabad/magic-chicken-sarkhej;soulfiesta;Sarkhej Road;Ahmedabad;Soulfiesta;sarkhej,ahmedabad,India,380051.;Bhavnagar
https://www.zomato.com/mysore/ramanis-hotel-restaurant-ittige-gudu;hotel ritz;Ittige Gudu;Mysuru;Hotel Ritz ;regency theatre complex, lokaranjan Mahal road,mysore.,mysore ,Karnataka,India;Kodagu
https://www.zomato.com/kolkata/moshla-food-parlour-jodhpur-park;afc food jodhpur;Ratanada;Jodhpur;Afc Food Jodhpur;Difance Lab Road - Ratanada,jodhpur,Rajasthan,India,342001.;Jodhpur
https://www.zomato.com/osoyoos-bc/mckias-restaurant-osoyoos;mckia's restaurant;None;Osoyoos;Mckia's Restaurant;Osoyoos bc,Canada;Okanagan-Similkameen
https://www.zomato.com/new-orleans/gabbys-restaurant-lounge-new-orleans;elevation lounge;None;Kenner;Elevation Lounge ;Kenner,United States;Jefferson Parish
https://www.zomato.com/hyderabad/ignite-restro-lounge-himayath-nagar;aromacup restro;Whisper Valley;Hyderabad;Aromacup Restro;opp ssrridge , Bachupally,Hyderabad,Telangana,India,500090.;Hyderabad
https://www.zomato.com/round-rock-tx/main-street-grill-round-rock;viet lotus;Blandford Street;Grange;Viet Lotus;1 17 Blandford st,Grange,Queensland,Australia,4051.;Grange
https://www.zomato.com/ahmedabad/highland-park-memnagar;highland park;Memnagar;Ahmedabad;Highland park;1st Floor, Vrundhavan Complex, Opp Chinmay Tower, Gurukul Road,Memnagar,Gujarat,India,380052.;Ahmedabad
None;panino;None;Ahmedabad;Panino;22/23 Aksar Atchad opp.. nemnagar fire station,Ahmedabad,India,380009.;Ahmedabad
None;wak;None;Hyderabad;Wak;Hyderabad,India;Hyderabad
https://www.zomato.com/ahmedabad/sardar-foods-infocity-gandhinagar;suchita foods;None;Ahmedabad;Suchita Foods;Ahmedabad,India;Ahmedabad
https://www.zomato.com/ahmedabad/that-place-navrangpura;that place;None;Ahmedabad;That Place;Ahmedabad,India;Ahmedabad
None;xanh house;None;Ho Chi Minh City;Xanh House;Hồ Chí Minh,Vietnam;Hồ Chí Minh
https://www.zomato.com/ahmedabad/dine-divine-celestia-the-hotel-navrangpura;celestia;None;Ahmedabad;Celestia;Ahmedabad,India;Ahmedabad
None;itest;None;Chennai;Itest;Chennai,India;Chennai
None;xhdh;None;None;Xhdh;,,Karagandy Province,Kazakhstan,;
https://www.zomato.com/ahmedabad/wall-water-mani-nagar;bridge water;None;Ahmedabad;Bridge Water;Ahmedabad,India;Ahmedabad
None;cbc th;None;Bengaluru;CBC Th;Bengaluru,Karnataka,India,560001.;Bengaluru
None;street food;None;Ahmedabad;Street Food;Ahmedabad,India;Ahmedabad
https://www.zomato.com/ahmedabad/green-apple-restaurant-sector-16-gandhinagar;silver apple;None;Ahmedabad;Silver Apple;Ahmedabad,India;Ahmedabad
https://www.zomato.com/ahmedabad/rio-restaurant-banquet-ellis-bridge;the bridge water restaurant;None;Ahmedabad;The Bridge Water restaurant;Ahmedabad,India;Ahmedabad
https://www.zomato.com/hyderabad/kholanis-banjara-hills;kholani's group of restaurants;Banjara Hills;Hyderabad;Kholani's Group Of Restaurants;Banjara Hills, Road No 10,Hyderabad,Telangana,India;Hyderabad
https://www.zomato.com/ahmedabad/divine-dine-chandkheda;deena divine dine;None;Ahmedabad;Deena divine dine;Ahmedabad,India;Ahmedabad
None;wcf;Vastrapur;Ahmedabad;WCF;Vastrapur,Ahmedabad,Gujarat,India,380015.;Ahmedabad
https://www.zomato.com/ncr/big-wong-sector-50-gurgaon;big wong;None;New Delhi;Big wong ;New delhi,India;New Delhi
https://www.zomato.com/ahmedabad/patang-the-revolving-restaurant-ashram-road;jors's restaurant;None;Ahmedabad;Jors's Restaurant;Ahmedabad,India;Ahmedabad
https://www.zomato.com/hyderabad/punjabi-n-rajasthani-thali-food-station-ameerpet;n v restuarants;Ameerpet;Hyderabad;N V Restuarants;Ameerpet,Hyderabad,Telangana,India,500082.;Mahabubnagar
None;pizerria house;None;Navi Mumbai;Pizerria House;Shop 12, Raghuleela Mall, opp vashi statio,Mumbai,Maharashtra,India,400703.;Mumbai
None;b d caters;New Rajinder Nagar;New Delhi;B D Caters;1570, Ground Floor, Behind N 23, South Ext Part 1, New Delhi;Delhi
https://www.zomato.com/hyderabad/swagath-residency-chanda-nagar;mavericks;Chanda Nagar;Hyderabad;Mavericks;Manjera mall, kukatpally,Hyderabad,Telangana,India,500072.;Mahabubnagar
https://www.zomato.com/bangalore/barbeque-factory-koramangala-4th-block;barbeque factory;Koramangala;Bengaluru;Barbeque Factory;612/1,Lotus building,80feet Road 4th block,koramangala,Bengaluru,Karnataka,India,560095.;Bengaluru
https://www.zomato.com/ahmedabad/ikobo-sizzlers-gurukul;ikobo sizzlers;None;Ahmedabad;Ikobo Sizzlers;Ahmedabad,India;Ahmedabad
https://www.zomato.com/hyderabad/kerala-kitchen-kondapur;kerala kitchen;Kothaguda;Hyderabad;Kerala Kitchen;Kothaguda, kondapur,Hyderabad,Telangana,India,500084.;Mahabubnagar
https://www.zomato.com/ahmedabad/silver-dine-platinum-hotels-paldi;3 octaves global dine;Motera;Ahmedabad;3 Octaves Global Dine;102 sun residency, motera,ahmedabad,Gujarat,India,380005.;Ahmedabad
https://www.zomato.com/ahmedabad/barsana-satellite;barsana;None;Ahmedabad;Barsana;Ahmedabad,India;Ahmedabad
None;kookmate;T Nagar;Chennai;Kookmate;22,VASUDEVAPURAM street ,west mambalm,chennai,Tamil Nadu,India,600033.;chennai
https://www.zomato.com/hyderabad/khaan-saab-gachibowli;khaan saab;None;Hyderabad;Khaan Saab;Fourth Floor, GVK One Mall, Road no. 1, Banjara Hills , Hyderabad - 500034;Hyderabad
https://www.zomato.com/ahmedabad/jay-shiv-shambhu-snacks-cold-coffee-bar-1-c-g-road;shiv snacks;None;Ahmedabad;Shiv snacks;Ahmedabad,India;Ahmedabad
https://www.zomato.com/hyderabad/just-biryani-madhapur;just biryani;Madhapur;Hyderabad;Just Biryani;ayyapa society, madhapur,Hyderabad,Telangana,India,500081.;Hyderabad
https://www.zomato.com/ahmedabad/ashray-subhash-bridge;ashray hotel;None;Ahmedabad;Ashray Hotel;Ahmedabad,India;Ahmedabad
None;test;None;Bengaluru;Test ;Bangalore ,India;Bangalore Urban
None;the food factory;None;Kolkata;The Food Factory;47/1C South Behala Road Nator Colony,Kolkata,Kolkata-700061,;Kolkata
https://www.zomato.com/ahmedabad/one10-the-restaurant-sola;one10 the restaurant;None;Ahmedabad;One10 The Restaurant;Ahmedabad,India;Ahmedabad
https://www.zomato.com/ahmedabad/shahi-khana-khazana-satellite;hotel shahi palace;None;Ahmedabad;Hotel Shahi Palace;Ahmedabad,India;Ahmedabad
https://www.zomato.com/chennai/kaidi-kitchen-mylapore;kaidi kitchen;None;Chennai;Kaidi Kitchen;Chennai,India;Chennai
https://www.zomato.com/ahmedabad/epicurean-alley-ellis-bridge;epicurean alley;None;Ahmedabad;Epicurean alley;Ahmedabad,India;Ahmedabad
https://www.zomato.com/hyderabad/veerabhadra-restaurant-suraram;sri veerabhadra paper products;Moosapet;Hyderabad;SRI VEERABHADRA PAPER PRODUCTS;#11-5-245/2,HP Road Moosapet Hyderabad,India;#11-5-245/2,HP Road Moosapet Hyderabad
https://www.zomato.com/ahmedabad/green-forest-restaurant-banquet-amraiwadi;rain forest;None;Ahmedabad;Rain Forest;Ahmedabad,India;Ahmedabad
None;abc restaurants;Toli Chowki;Hyderabad;abc Restaurants;Tolichowki yousuf tekdi,hyderabad,Telangana,India,500008.;hyderabad
https://www.zomato.com/ahmedabad/spice-zone-1-ellis-bridge;spice and delights;None;Ahmedabad;Spice and Delights;Ahmedabad,India;Ahmedabad
https://www.zomato.com/ahmedabad/epicurean-alley-ellis-bridge;alley restaurent;None;Ahmedabad;Alley restaurent;Ahmedabad,India;Ahmedabad
None;the big fork;Madhapur;Hyderabad;The Big Fork;Plot No.105, Kavuri Hills, Phase 2, Madhapur,Hyderabad,Telangana,India,500081.;Hyderabad
None;vedica;None;Hyderabad;Vedica;Hyderabad;Hyderabad
None;boston signature restaurant;None;Surendranagar;BOSTON SIGNATURE RESTAURANT;Fortune Avenue 2nd Floor,\nNear Kunthunath Derasar ,\nAmba Mechanic Road,\nSurendranagar, Surendranagar, India;Surendranagar
https://www.zomato.com/bangalore/durlabha-delights-rammurthy-nagar;durlabha delights;None;Bengaluru;Durlabha Delights;Bangalore  ;Bangalore  
https://www.zomato.com/chennai/hotel-hi-light-perungudi;shree hi gas lines;None;Chennai;Shree hi gas Lines;Chennai;Chennai
https://www.zomato.com/vadodara/flavours-of-china-subhanpura;havrmor fun flavours;Akshar Chowk;Vadodara;Havrmor Fun Flavours;GF/6 Ananya complex, akshar chowk Vadodara,Vadodara,,India,390020;Vadodara
https://www.zomato.com/hyderabad/ahobilam-foods-millet-cave-madhapur;mingo foods india pvt.ltd;None;Hyderabad;Mingo Foods India Pvt.Ltd;Hyderabad;Hyderabad
None;steelco;None;Ahmedabad;Steelco;Ahmedabad,India;Ahmedabad
https://www.zomato.com/ahmedabad/numeron-bodakdev;numeron restaurant;None;Ahmedabad;Numeron Restaurant;Ahmedabad,India;Ahmedabad
https://www.zomato.com/ahmedabad/wagh-bakri-tea-lounge-gulbai-tekra;wagh bakri;None;Ahmedabad;Wagh bakri;Ahmedabad,India;Ahmedabad
https://www.zomato.com/hyderabad/rolls-as-rao-nagar-secunderabad;mora paper rolls;None;Secunderabad;Mora Paper rolls ;Secunderabad;Secunderabad
https://www.zomato.com/ahmedabad/m-theories-1-chandkheda;m o m o m a n;None;Ahmedabad;M O M O M A N;Momoman ,Ground Floor ,Panchani Chambers ,Opposite Asia High School ,Drive In Road ,Gurukul,Ahmedabad,Gujarat-380054,;Ahmedabad
None;pakwaan restaurant;None;None;Pakwaan Restaurant;Tadbund x Roads\nOpposite Bar One\nBeside Old Air Port\nBowenpally\nHyderabad;Hyderabad
None;havmor;None;Ahmedabad;Havmor;Ahmedabad,India;Ahmedabad
https://www.zomato.com/cedartown-ga/hibachi-express-cedartown;abode una xpress;Golden Road;Temple;Abode Una xpress;Near Golden Temple;Amritsar
https://www.zomato.com/hyderabad/yours-truly-jubilee-hills;yours truly;None;Hyderabad;Yours Truly;Hyderabad;Hyderabad
None;food art cafe;Jasola;New Delhi;Food Art Cafe;Jasola,sarita Vihar,Near apollo hospital,New Delhi;Delhi
https://www.zomato.com/ncr/scooter-on-the-wall-sda-new-delhi;scooter on the wall;South Moti Bagh;New Delhi;Scooter On The Wall;123-124 ,Ground Floor ,Satya Niketan ,Moti Bagh,New Delhi,India-110021;New Delhi
https://www.zomato.com/hyderabad/night-paradise-banjara-hills;night rider;Banjara Hills;Hyderabad;Night Rider;Banjara Hills,Hyderabad,India;Hyderabad
None;salem foodies;None;Salem;Salem Foodies ;Salem;Salem
https://www.zomato.com/ncr/celebration-multi-cuisine-restaurant-mayur-vihar-new-delhi;celebration;None;New Delhi;Celebration;New Delhi;New Delhi
https://www.zomato.com/ncr/arabian-delites-defence-colony-new-delhi;arabian delites lebanese food south delhi;Defence Colony;New Delhi;Arabian Delites Lebanese Food South Delhi;23 flyover market,Defence Colony,New Delhi,delhi-110024,;Delhi
https://www.zomato.com/pune/mayur-veg-thali-east-street;mayur thali and snacks;None;None;Mayur Thali And Snacks;Mayur Thali & Snacks, Opp. Kamla Nehru Park, Prabhat Road, Erandwane, Pune, India,Pune,,null,411004;Pune
https://www.zomato.com/hyderabad/kritunga-restaurant-1-madhapur;archana restaurant;Madhapur;Hyderabad;Archana Restaurant;Madhapur,Hyderabad,500081,Hyderabad,,null,500081;Hyderabad
None;hongkong restaurant & bar;Yusuf Sarai;New Delhi;Hongkong Restaurant & Bar;22, 1st Floor, mother house, Yusuf Sarai, New Delhi;New Delhi
https://www.zomato.com/ncr/khurana-restaurant-karol-bagh-delhi;khurana banquet & caterers;Lajpat Nagar;New Delhi;Khurana Banquet & Caterers ;17,18,19, Krishna Market,Kalkaji;South Delhi
https://www.zomato.com/ahmedabad/silver-leaf-cama-hotel-bhadra;leaf restaurant by hotel riverview;Ellisbridge;Ahmedabad;Leaf Restaurant By Hotel Riverview;Nr. Sakar VII, Nehru Bridge Corner, Ashram Road,Ahmedabad,Gujarat,India,380009;Ahmedabad
https://www.zomato.com/aurangabad/trupti-fast-food-cidco;trupti caterers;MGM Road;Aurangabad;Trupti Caterers;MGM Road,Aurangabad,Aurangabad,,null,431005;Aurangabad
https://www.zomato.com/hyderabad/hotel-krishna-uppal-secunderabad;shree krishna industries;Uppal;Hyderabad;SHREE KRISHNA INDUSTRIES;Plot No 9 Laxminarayana Colony IDA Uppal,Hyderabad,India-500039;Hyderabad
https://www.zomato.com/ncr/lighthouse-13-saket-new-delhi;lighthouse13;Saket;New Delhi;lighthouse13;13,1st floor, mgf metropolitan mall, saket,new delhi;delhi
https://www.zomato.com/ncr/shivani-catering-services-udyog-vihar-gurgaon;accolade catering services;None;New Delhi;Accolade Catering Services;New Delhi;New Delhi
https://www.zomato.com/ncr/aroma-rest-o-bar-karkardooma-new-delhi;ab rest;None;None;Ab Rest;Delhi;Delhi
None;#meatballerz;Marina Promenade;Dubai;#Meatballerz;Marina walk Marina view towers,Dubai,-,;Dubai
https://www.zomato.com/fort-wayne-in/los-amigos-mexican-restaurant-huntington;los molcajetes mexican bar &gill;Hessen Cassel Road;Fort Wayne;Los Molcajetes Mexican Bar &Gill;5921 hessen cassel Rd ,Fort Wayne ,Indiana -46816,;Fort Wayne
https://www.zomato.com/HauzKhasSocial;kimaya biriyani junction;Hauz Khas;New Delhi;Kimaya Biriyani Junction;SHOP NUMBER 3, MAIN ROAD, PANCHSHEEL PARK, NEW DELHI  ;New Delhi
https://www.zomato.com/hyderabad/bawarchi-nallakunta;bawarchi;None;Hyderabad;Bawarchi;Hyderabad,India;Hyderabad
https://www.zomato.com/bangalore/coastal-inn-bannerghatta-road;orel inn;None;Bengaluru;Orel Inn;Bengaluru;Bengaluru
https://www.zomato.com/hyderabad/kritunga-restaurant-ameerpet;kritunga restaurant;None;Hyderabad;Kritunga Restaurant;Hyderabad;Hyderabad
None;the cooking culture;None;None;The Cooking Culture;Plot no. 24, Ground floor, Maharaja colony, Sikh Village, Secunderabad, Telangana, India - 500003 ;Hyderabad
None;pals hotel;None;Mumbai;Pals Hotel;Mumbai;Mumbai
https://www.zomato.com/udaipur/natraj-dining-hall-restaurant-city-centre;natraj dining hall & restaurant;None;Udaipur;Natraj Dining Hall & Restaurant;Udaipur,India;Udaipur
https://www.zomato.com/lucknow/dreamz-food-and-hukka-point-aliganj;food point;None;None;Food Point;Lucknow,Lucknow,,India,226017;Lucknow
https://www.zomato.com/chennai/amudha-hotel-catering-thiruvanmiyur;sabji catering;None;Chennai;Sabji Catering;Chennai,India;Chennai
None;bong junction;Gachibowli;Hyderabad;Bong Junction;SY No.133, SLN Terminus, 3rd Floor, Kiosk Food Court,Gachibowli, Hyderabad;Hyderabad
None;seaman seafood;None;Chennai;Seaman Seafood;Chennai,India;Chennai
None;food court;None;Hyderabad;Food Court;Hyderabad;Hyderabad
https://www.zomato.com/ahmedabad/new-prince-pav-bhaji-kankaria;prince bhaji pav;None;Ahmedabad;Prince Bhaji Pav;Ahmedabad;Ahmedabad
None;shree jaymalfatta restaurant;None;Ahmedabad;SHREE JAYMALFATTA RESTAURANT;Ahmedabad;Ahmedabad
None;naivedyamrestaurant;Naryanpura;Ahmedabad;Naivedyamrestaurant;17, Binali Complex, Opp Torrent Power Sola Road Naranpura,Ahmedabad,,India,380014;Ahmedabad
https://www.zomato.com/ahmedabad/lakhu-da-dhaba-gurukul;lakhu da dhaba;None;Ahmedabad;Lakhu Da Dhaba;Ahmedabad;Ahmedabad
https://www.zomato.com/bangalore/spicy-mirapakaai-the-sahar-pavillion-electronic-city;sj spicy;None;Bengaluru;SJ SPICY;No 496, 1st Cross, Ayyappa Layout, Behind KMF, Marathalli, Bangalore 560037, India;Bangalore
https://www.zomato.com/lancaster-pa/pub-on-the-trail-york;momos corner;Hidden Trail;Lancaster;momos corner;Hide 27-28,;Delhi
https://www.zomato.com/ahmedabad/mehmaan-naranpura;mehman restaurent;None;Ahmedabad;Mehman Restaurent;Ahmedabad,India;Ahmedabad
https://www.zomato.com/ncr/instapizza-kalkaji-new-delhi;hungerguides.com;Kalkaji;New Delhi;hungerguides.com;1833A/10,Govind Puri Extension., Kalkaji., New Delhi, India;Delhi
https://www.zomato.com/bangalore/the-great-indian-thali-koramangala-4th-block;indian superheroes;Koramangala;Bengaluru;Indian Superheroes;No.77, K.A.Illam, 7th A Cross, 4th B block, Koramangala, Bangalore, India;Bangalore
None;rajdhani punjabi vegetarian restaurant;None;Chennai;RAJDHANI PUNJABI VEGETARIAN RESTAURANT;HOTEL LANDMARK VIEW\nOld no647 Anna Salai, Mount Road\nThousand Lights 600006\n, Chennai, India;Chennai
None;de de;None;Thane;De De;Petit Fleur, Behgind Fatima Church, Ambernath West, Thane District, Maharashtra, , , India;Thane
None;cluster technologies;None;New Delhi;Cluster Technologies;New Delhi India, New Delhi, India;Delhi
https://www.zomato.com/pune/indori-chatore-magarpatta;bawa indori;Baner;Pune;Bawa Indori;Big Bazaar, Baner, Pune, Pune, India;Pune
None;flavoursofolddelhi;Old Delhi;New Delhi;flavoursofolddelhi;2354, Jama Masjid, Delhi, Delhi, India;Delhi
None;mast tiffin;Prahlad Nagar;Ahmedabad;mast Tiffin;Prahladnagar, Ahmedabad, India;Ahmedabad
None;mom made;Andrews Ganj;New Delhi;Mom Made;\nR/10,Andrewsganj Extension, new delhi, India;Delhi
https://www.zomato.com/hyderabad/stone-waters-kitchen-lounge-jubilee-hills;caters;None;None;Caters;hyderabad, hyderabad, India;Hyderabad
https://www.zomato.com/bangalore/damadhish-whitefield;damadhish;None;Bengaluru;damadhish;1st Floor, Opposite Vinayak Theater, Above Just Bake, near to Varthur Police Station\nVarthur Road, Bangalore, India;Bangalore
https://www.zomato.com/ncr/artisan-meats-sector-40-noida;foodpost;Sector 40;Gurgaon;Foodpost;N-169, South City-I, Sector-40, Gurgaon, India;Gurgaon
https://www.zomato.com/bhopal/spice-ring-restaurant-aiport-area;devan spices;Awadhpuri;Bhopal;DEVAN SPICES;Awadhpuri, Bhopal, India;Bhopal
https://www.zomato.com/lucknow/the-cellar-mahanagar;oyefood;Mahanagar;Lucknow;OYEFOOD;b-942 sec a mahanagar, lucknow, India;Lucknow
https://www.zomato.com/vbistro;vbistro4u;Okhla;New Delhi;VBISTRO4U;D 647 Street No 11 Zakir Nagar, New Delhi, India;Delhi
https://www.zomato.com/ncr/silbatta-pure-veg-subhash-nagar-new-delhi;silbatta;Subhash Nagar;New Delhi;Silbatta;1/108 Subhash Nagar, New Delhi, India;Delhi
https://www.zomato.com/ahmedabad/pizza-tune-navrangpura;pizza tune;None;Ahmedabad;Pizza Tune;Ahmedabad,India;Ahmedabad
None;goforsnacks;None;Gurgaon;goforsnacks;S-236,GROUND FLOOR\nUPPAL SOUTHEND\nSECTOR-49, GURGAON, India;Gurgaon
None;paprikaburgers;None;Indore;paprikaburgers;indore, INDORE, India;Indore
None;kataria kitchens;Kamla Nehru Nagar;Ghaziabad;Kataria kitchens;Rajnagar ghaziabad, Ghaziabad, India;Ghaziabad
None;yummy chef;Goregaon;Mumbai;Yummy Chef;205, Sadguru Apartment, Phase – 2, Film City Road,Goregaon East, MUMBAI-400063-INDIA, Mumbai , India;Mumbai
https://www.zomato.com/ahmedabad/rudu-kathiyawad-vastrapur;rudu kathiawad;None;Ahmedabad;RUDU KATHIAWAD;Ahmedabad;Ahmedabad
https://www.zomato.com/pune/baba-ramdev-dhaba-nigdi;sanjeev mittal;Nigdi;Pimpri-Chinchwad;SANJEEV MITTAL;NIGDI PRADHIKARAN, PUNE, India;Pune
https://www.zomato.com/bangalore/aamish-niramish-btm;aamish-niramish;None;Bengaluru;AAMISH-NIRAMISH;#2, Chandrappa Building, Nyanappanahalli Main road, Hulimavu, -68\nLandmark: Mahaveer Rythem Apartment Or Govt School., Bangalore;Bangalore
https://www.zomato.com/vadodara/brg-heritage-restaurant-karelibaug;brg heritage resort;None;Vadodara;BRG Heritage Resort;Vadodara;Vadodara
https://www.zomato.com/bangalore/hyderabadi-biryani-utsav-old-madras-road;hyderabadi biryani utsav;Swamy Vivekananda Road;Bengaluru;HYDERABADI BIRYANI UTSAV;arden fair, above domino's, pai layout, tin factory, old madras road, bangalore, India;Bangalore
https://www.zomato.com/aurangabad/hotel-amritsar-punjabi-cidco;hotel amritsar punjabi;None;Aurangabad;Hotel Amritsar Punjabi;https://www.google.co.in/maps/place/Hotel+Amritsar+Punjabi/@19.869106, 75.635831, 15z/data=!4m2!3m1!1s0x0:0x660160a137cd24c4?sa=X&ved=0CGsQ_BIoADAKahUKEwi4n9rk79LHAhWFcI4KHS8wAp0;Aurangabad
https://www.zomato.com/hyderabad/sree-nath-ji-icecream-parlour-kukatpally;debendra nath gayen;None;Hyderabad;Debendra nath Gayen;E c l.....S.P, hydrabad, India;Hyderabad
None;flipfood;Malviya Nagar;Jaipur;Flipfood;Malviya Nagar, Jaipur, India;Jaipur
https://www.zomato.com/hyderabad/step-n-eat-bakers-narayanguda;food step;None;None;food step;Room No.10, Jayshri Saikrupa CHS Ltd. 3rd Floor, Gandhi Nagar, Dombivali East, kalyan, India;Kalyan
https://www.zomato.com/ahmedabad/crunchy-munchy-navrangpura;crunchy munchy;None;Ahmedabad;Crunchy Munchy;Ahmedabad,India;Ahmedabad
None;food mantra;Madangir;New Delhi;FOOD MANTRA;G2-49 MADANGIR , NEW DELHI, India;Delhi
None;foody;Mayur Vihar Phase 1;New Delhi;foody;136  Mayur Vihar,;Delhi
None;indifoodies;None;Pune;indifoodies;1 ashoka vihar, pimple gurav, pune, pune, India;Pune
None;bhuwnesh;None;Raipur;bhuwnesh;raipur, raipur, India;Raipur
https://www.zomato.com/hyderabad/ohris-far-east-banjara-hills;kitchari katering;Kalyan East;Kalyan;Kitchari Katering;Kalyan East,;Mumbai
https://www.zomato.com/ncr/rasoi-the-caterers-charmwood-village-faridabad;sangai caterers;None;New Delhi;sangai caterers ;stall no 12,\nDilli Haat, op INA Market., new delhi, India;Delhi
https://www.zomato.com/ncr/shivani-catering-services-udyog-vihar-gurgaon;catering;Ghitorni;New Delhi;catering;#1 MG Road New Delhi, New Delhi, India;Delhi
https://www.zomato.com/ahmedabad/egg-dee-airport-gandhinagar-highway-gandhinagar;egg dee;Vastrapur;Ahmedabad;Egg Dee;Shop No. 10 Himalaya Arcade, Opp. Vastrapur lake. Vastrapur. Ahmedabad, Ahmedabad, India;Ahmedabad
https://www.zomato.com/pune/chokhi-dhani-wagholi;eatology;Wagholi;Pune;Eatology;Wagholi, pune, India;Pune
https://www.zomato.com/pune/desi-dhaba-maple-adhwryou-wagholi;food maple;None;None;Food Maple;nbvh mnnn34, Banglore, India;Banglore
None;dhaaba29;None;Hyderabad;Dhaaba29;6-3-131/1/1-60, Ground Floor, Balanagar Trade Centre, Balanagar, Hyderabad, Telangana, India - 500037 ;Hyderabad
None;thelunchtime;South Extension I;New Delhi;Thelunchtime;1445/b, wazir nagar;Delhi
None;dham;None;None;DHAM;PUNJAB, PUNJAB, India;PUNJAB
https://www.zomato.com/pune/kings-court-akurdi;king's court;None;Pune;KING'S COURT;OPPOSITE TO BAJAJ MOTORS\nOLD PUNE MUMBAI HIGHWAY\nAKURDI \nPUNE, PUNE, India;Pune
https://www.zomato.com/bangalore/amravathi-restaurants-caterers-btm;ganapathi caterers;BTM 2nd Stage;Bengaluru;Ganapathi Caterers;No. 5 ,16th Main Road ,BTM 2nd Stage ,Bangalore,India-560068;Bangalore
https://www.zomato.com/pune/makrana-baner;makrana;Baner;Pune;MAKRANA;SHOP NO-8,PRIMEROSE MALL,NEAR BALEWADI PHATA,BANER,411045, PUNE, India;Pune
https://www.zomato.com/ahmedabad/chhel-chhabila-infocity-gandhinagar;chhel chhabila;None;Ahmedabad;Chhel Chhabila;Ahmedabad,India;Ahmedabad
https://www.zomato.com/ahmedabad/aask-sola;aask;None;Ahmedabad;Aask ;Ahmedabad,India;Ahmedabad
None;mithra tiffins;HSR Layout;Bengaluru;Mithra Tiffins;HSR Layout, , bangalore;Bangalore
https://www.zomato.com/ncr/chaat-99-paschim-vihar-new-delhi;chaat&chilli;Tilak Nagar;New Delhi;Chaat&Chilli;Wz-55, Shop no. 1,mukhram park Extn., choukhandi road, Tilak nagar , New delhi, India;Delhi
None;foodeez;Laxmi Nagar;New Delhi;Foodeez;E 49, Shop No.1, Jawahar Park, Laxmi Nagar,, New Delhi, India;Delhi
https://www.zomato.com/ahmedabad/splitsvilla-gulbai-tekra;splits villa;Gulbai Tekra;Ahmedabad;Splits Villa;SplitsVilla, Passport Office Building Lane, Gulbai Tekra;Ahmedabad
https://www.zomato.com/Southern-India;southern india restaurant;None;Ahmedabad;SOUTHERN INDIA RESTAURANT;Ahmedabad;Ahmedabad
https://www.zomato.com/goa/fat-panda-chinese-kitchen-candolim;fat panda;None;Candolim;FAT PANDA;Candolim;Candolim
https://www.zomato.com/nagpur/the-spoon-vayusena-nagar;scoop n spoon;Trimurti Nagar;Nagpur;Scoop n Spoon;plot no 13 Adarsh Colony, Trimurti Nagar, Nagpur, 440022, Nagpur, India;Nagpur
https://www.zomato.com/mumbai/delicious-den-nerul-navi-mumbai;whiskey's den;Nerul;Navi Mumbai;Whiskey's Den;B-8,house no 17, air india colony, sec 27, nerul, navi mumbai, India;Mumbai
None;matchless food;None;Secunderabad;Matchless Food;East Anand Bagh Malkajgiri,;Hyderabad
https://www.zomato.com/ahmedabad/pizza-lovers-ranip;pizza lovers;None;Ahmedabad;Pizza Lovers;Ahmedabad,India;Ahmedabad
https://www.zomato.com/ahmedabad/ripples-avalon-hotel-bodakdev;avalon hotel;None;Ahmedabad;Avalon Hotel;Ahmedabad,India;Ahmedabad
https://www.zomato.com/ncr/moon-bite-preet-vihar-new-delhi;the breakfast bite;None;Gurgaon;the breakfast bite;gurgaun, gurgaon, India;Gurgaon
https://www.zomato.com/ncr/bocado-76-sector-72-noida;anytimefood.com;Sector 76;Noida;anytimefood.com;b-602, amrapali princely estate, noida 201301, noida, India;Noida
https://www.zomato.com/ncr/sanjha-chulha-sector-46-faridabad;hungrooz;Sector 46;Gurgaon;hungrooz;sector 46 gurgaon, gurgaon, India;Gurgaon
https://www.zomato.com/ncr/dilli-times-cafe-lajpat-nagar-4-new-delhi;the lunch times;None;None;The Lunch Times;Delhi;Delhi
None;lovurfood;Gandipuram;Coimbatore;LovUrFood;Gandhipuram\nCoimbatore, COIMBATORE, India;Coimbatore
None;ht healthy foods;Indirapuram;Ghaziabad;HT HEALTHY FOODS;INDRAPURAM, GHAZIABAD, India;Ghaziabad
None;paras consultants;None;Ahmedabad;Paras Consultants;Ahmedabad;Ahmedabad
None;peppertree;None;Ahmedabad;PEPPERTREE;Ahmedabad;Ahmedabad
https://www.zomato.com/ncr/roti-boti-vasant-kunj-new-delhi;roti boti restaurant;Vasant Kunj;New Delhi;Roti Boti Restaurant| Vasant Kunj South Delhi | 8527166117;138/9, Aruna Asif Ali Road, Vasant Kunj New Delhi 110065;South Delhi
None;rainforestrestaurant;None;Ahmedabad;Rainforestrestaurant;Ahmedabad;Ahmedabad
https://www.zomato.com/praha/lal-qila-vinohrady-praha-2;lal qila the best indian restaurace;Praha 2;Prague;Lal Qila The Best Indian Restaurace;786/30 Italska, , Prague, Hlavní město Praha, , 12000;Praha 2
https://www.zomato.com/ncr/shyam-sweets-chawri-bazar-new-delhi;shyam sweets;None;New Delhi;Shyam Sweets ;H.NO. 112 , Chawri Bazar , Chowk Barshahbulla, New Delhi;New Delhi
https://www.zomato.com/hyderabad/k-s-deewan-family-dhaba-medchal-road;daras dhaba;Mira Road East;None;Daras Dhaba;Western Express Highway  Mira Road;Western Express Highway  Mira Road
https://www.zomato.com/ahmedabad/yuvi-the-cafe-navrangpura;yuvi the cafe;Navrangpura;Ahmedabad;Yuvi the Cafe | Best Cafe & Restaurant  | Coffee Shop;Yuvi the Cafe, Opp Neelam Luft Restaurant, Nr Univercity Boy"s Hostel, Navrangpura;Ahmedabad
https://www.zomato.com/bangalore/chaat-wala-koramangala-5th-block;ek number chaat wala;Gottigere;Bengaluru;Ek Number Chaat Wala;Maxi Mart, Jyothi Nagar, Bohra Layout, Gottigere, , -560083;Bangalore
None;maiks;None;Kolkata;Maiks;Kolkata;Kolkata
https://www.zomato.com/jaipur/natural-ice-cream-c-scheme;preeti ice cream & foods;None;Jaipur;Preeti ICE Cream & Foods;Jaipur;Jaipur
https://www.zomato.com/vadodara/the-morsel-bite-of-happiness-balis-cafe-vadiwadi;cafe @ mj;None;Vadodara;CAFE @ MJ;GF-3/A, Kishan Atria , Nr.Manjalpur Hospital, Nr.Tulsidham cross Road, Manjalpur,Vadodara,,India,390011;Vadodara
https://www.zomato.com/hyderabad/jalsa-banjara-hills;jalsa restaurants;Banjara Hills;Hyderabad;Jalsa Restaurants;4th Floor, Uptown Banjara, Q-Mart Building, Road No. 3, Banjara Hills;Hyderabad
None;somani caterers;Vastrapur;Ahmedabad;SOMANI CATERERS;3, Yash Complex, Nr Lad Society, Sandesh Press Road, Bodakdev, , Gujarat;Ahmedabad
https://www.zomato.com/mumbai/fishland-khopat-thane-west;fishland restaurant;None;Thane;Fishland Restaurant;Thane;Thane
None;yee cheong yuen noodle restaurant;Lorong Liput;Singapore;Yee Cheong Yuen Noodle Restaurant;31 Lorong Liput  277742;Singapore
None;find a meeal;None;Jaipur;FIND A MEEAL;Jaipur,Jaipur,,India,302021;Jaipur
https://www.zomato.com/hyderabad/banana-leaf-multicuisine-restaurant-gachibowli;chicken leaf restaurant;None;Mumbai;Chicken Leaf Restaurant;Mumbai,India;Mumbai Suburban
None;sooo;Sharda Nagar;Lucknow;Sooo;1/70, Sharda Nagar Yojna Rajnikhand,\n  Lucknow - 226012;Lucknow
https://www.zomato.com/ncr/chatkara-foods-drinks-kashmiri-gate-new-delhi;kashmiri kitchen - kashmiri foods gurgaon;None;Gurgaon;Kashmiri Kitchen - Kashmiri Foods Gurgaon;786 Complex, Opposite Hamilton Court Building, DLF Phase 4, Gurgaon - 122002;Gurgaon
https://www.zomato.com/goa/the-pavilion-benaulim;the pavilion;Benaulim Beach Road;Benaulim;The Pavilion ;Benaulim beach road, Benaulim,Margao ,,India,403716;Margao 
https://www.zomato.com/chennai/grand-pasumai-restaurant-selaiyur;pasumai restaurant (pure veg)-;Chromepet;Chennai;PASUMAI RESTAURANT (PURE VEG)-9840729917;Plot .32, Rajendra Prasad Main Road, Hastinapuram, Chrompet;Chennai
None;meal area;Sector 44;Noida;Meal Area;Gali no. 1, Chhalera, Sector 44, Noida - 201303,,Noida,,India,201303;Noida
None;mahmaan restaurent;Maninagar;Ahmedabad;Mahmaan Restaurent;SHIVALIK YASH Nr. Pallav Cross Raod, 132ft Ring Road, Naranpura., MANINAGAR Takshila Complex, Krishnabagh Cross Road, Maninagar, Ahmedabad;Ahmedabad
None;homedeliveryvizag;None;Visakhapatnam;HomeDeliveryVizag;Visakhapatnam;Visakhapatnam
None;this website is expired;None;Noida;This website is expired;Noida;Gautam Buddh Nagar
https://www.zomato.com/ncr/game-n-grillz-sector-23-gurgaon;patio games n grillz;None;Gurgaon;Patio Games n Grillz;gurgaon;Gurgaon
https://www.zomato.com/mumbai/vishnuji-ki-rasoi-owale-thane-west;vishnuji ki rasoi;None;None;Vishnuji Ki Rasoi;Silver lawn village Ovala near Cng pump Ghodbunder road, -400607;Thane
None;sms rooms;Indira Gandhi International Airport;New Delhi;SMS Rooms;A-31, Road No. 1, N.H. 8, Near IGI Airport, Mahipalpur, - 110037;New Delhi
https://www.zomato.com/goa/sharda-classic-margao;sharda classic;None;None;Sharda Classic;Neurekar Pride, Milroc Building, Near Azad Maidan Panaji, Goa., , , 403001;Panaji 
https://www.zomato.com/patna/well-food-patliputra-colony;food monster;None;None;Food Monster;GF, Manta Vihar, Sardar Patel Path, Behind krishna Apartment, Boring Road;Patna
https://www.zomato.com/hyderabad/78-east-restaurant-habsiguda;punjabi chaskkaa;Sector 78;Sahibzada Ajit Singh Nagar;Punjabi Chaskkaa;Sector 78 Sas Nagar,mohali,near rattan collage,Sector 78 Sas Nagar,mohali,,India,140308;Sector 78 Sas Nagar,mohali
None;karizma dhaba and caterers;Mumbai - Nashik Expressway;Bhiwandi;Karizma Dhaba and Caterers;Vadape Bypass Bhiwandi, Mumbai Nashik Highway, 421302;Thane Mumbai
https://www.zomato.com/agra/d-jail-house-hungry-slurp-sikandra;d shahi khazana;None;Agra;D Shahi Khazana;Shop No. 4 ,\n Nihal Market ,\n Shaheed Nagar Pulia,\n  Agra-282001;Agra
https://www.zomato.com/coimbatore/hotel-aryaas-vadavalli;hotel aryaas;Vadavalli;Coimbatore;Hotel Aryaas;Vadavali, Vadavalli Main Road,\nCoimbatore-641041;Coimbatore
https://www.zomato.com/hyderabad/nimantran-multicuisine-restaurant-urvasi-residency-sd-road-secunderabad;mallige residency;High School Field Road;Hassan;Mallige Residency;266, High School Field Road,\nHassan-573201;Hassan
None;pride hotels limited;None;None;Pride Hotels Limited;93, Richmond Road,\nNext To Baldwins Girls College,\nBangalore-560025;Bangalore
None;rajalaxmi arrangers and caterers;None;None;Rajalaxmi Arrangers and Caterers;Sri Rajalakshmi,\nKavoor,\nShanthi Nagar,\nMangalore-575015;Mangalore
None;4 in 1 sizzeler restaurant;None;None;4 in 1 Sizzeler Restaurant;11,12,\nGround Floor, Metro Walk,\nRohini Sector 10,\nDelhi-110085;Delhi
https://www.zomato.com/chandigarh/tds-fine-dine-restaurant-the-altius-boutique-hotel-chandigarh-industrial-area;aman hotel and restaurant;None;None;Aman Hotel And Restaurant;Ganesh Vihar, \nGulabgarg Road,\nDerabassi,\nNear National Dental College,\nMohali-140507;Mohali
https://www.zomato.com/pune/ayush-restaurant-senapati-bapat-road;ayush caterers;Aundh;Pune;Ayush Caterers;Shop No.2 , Smith Appartment ,  , Aundh , Pune , 411007 , Maharashtra;Pune
None;ruchipalat caterers;Karve Nagar;Pune;Ruchipalat Caterers;Girija Shankar Vihar,\nKarve Nagar,\nNear Alankar Police Chowky,\nPune-411052;Pune
None;hotel amruta garden executive;None;None;Hotel Amruta Garden Executive;Sarole Tal - Bhor Near Shirwal Pune-412205\n;Pune
https://www.zomato.com/ncr/raj-restaurant-sector-45-gurgaon;raj restaurant;None;None;Raj Restaurant;Shop No. 10,\nGreen Wood Plaza,\nGreen Wood City,\nSector-45,\nGurgaon-122001;Gurgaon
https://www.zomato.com/nagpur/guptas-bawarchi-restaurant-wardhaman-nagar;gupta's bawarchi restaurant;None;None;Gupta'S Bawarchi Restaurant;CA Road,\nBeside Inox Multiplex,\nVardhaman Nagar,\nNagpur-440008;Nagpur
None;food courier;None;None;Food Courier;Tiku Ji Ni Wadi Road,\nGhodbunder Road,\nManpada,Thane West,\nThane-400607;Thane
https://www.zomato.com/bangalore/vietnamese-kitchen-indiranagar;vietnamese kitchen;None;None;Vietnamese Kitchen;225, \nBhagyasri, \n1st Main, \n2nd Stage,\nDomlur,\nBangalore-560071;Bangalore
https://www.zomato.com/kolkata/new-silver-chimney-1-sector-1-salt-lake;silver chimney;Salt Lake City;Bidhannagar;Silver Chimney;BF-37, Sector 1,\nSalt Lake City,\nSector 1,\nKolkata-700064;Kolkata
https://www.zomato.com/kolkata/tandoori-delights-park-circus-area;tandoori delights;Beniapukur;Kolkata;Tandoori Delights;173,\nCircus Avenue,\nPark Street,\nKolkata-700017;Kolkata
https://www.zomato.com/ncr/masha-hauz-khas-village-new-delhi;masha;None;None;Masha;9-A,\n1st Floor,\nHauz Khas Village,\nDelhi-110016;South Delhi
https://www.zomato.com/ncr/hot-n-spice-sector-6-dwarka-new-delhi;the royal spice;Dwarka;New Delhi;The Royal Spice;G- 34,\nPlot No 2, \nManish Market, \nSector 11,\nDwarka,\nDelhi-110075;South West Delhi
https://www.zomato.com/ncr/bar-b-que-corner-sector-50-gurgaon;car b que;None;None;Car B Que;280,\nR K Puram,\nINA Market,\nDelhi-110022;Delhi
https://www.zomato.com/salem-or/happy-curry-foods-salem;home foods;None;None;Home Foods;114,\n1st Agraharam,\nSalem-636001;Salem
https://www.zomato.com/globalbuffet;svenska design hotel;Andheri West;Mumbai;Svenska Design Hotel;Sab TV Road, \nOff Link Road,\nAndheri,\nMumbai-400053;Mumbai
None;chatkazz & teekhazz;None;None;Chatkazz & Teekhazz;C-93, Zanda Chowk, Main Market, Opp. Arvind Store, Gandhidham-370201;Gandhidham
None;shawaya dhaba;Mumbai - Nashik Expressway;Bhiwandi;Shawaya Dhaba;204/B Yewai village, post Vadpe, Mumbai Nasik highway Bhiwandi, -421302;Thane
https://www.zomato.com/ncr/the-pindi-janakpuri-new-delhi;the pindi;Janakpuri;New Delhi;The Pindi;C-1/122,\nJanakpuri,\nDelhi-110058;West Delhi
https://www.zomato.com/agra/raj-rasoi-restaurant-tajganj;raj rasoi;None;None;Raj Rasoi;Opp Chhalesar Railway Station, \nNear Best Price, \nNear Expressway Tower,\nChhalesar,\nAgra-282006 \n;Agra
https://www.zomato.com/jaipur/shri-radha-govind-pavitra-bhojnalaya-mi-road;radha kishan pavithr bhojnalay & tiffin center;None;Ajmer;Radha Kishan Pavithr Bhojnalay & Tiffin Center;Ajmer Bus Stand , Near Gaytri Peeth Vidhya Mandir ,\nPushkar,\nAjmer-305022 ;Ajmer
https://www.zomato.com/new-castle-nsw/chan-chan-new-castle-new-castle;kota castle;None;None;Kota Castle;Plot No.29, 1st Floor, Canal Road, Ridhi Sidhi Enclave, Hadoti Ind Area, Near Canal Road, , 324008;Kota
https://www.zomato.com/ncr/chaar-yaar-cafu00e9-1-lajpat-nagar-4-new-delhi;chaar yaar;None;New Delhi;Chaar Yaar;A-1/9, A-1 Block, Vijay Enclave, Main Dabri Road- Palam Road, , Janakpuri, Near Shani Mandir, Delhi, 110058;West Delhi
https://www.zomato.com/ncr/kulcha-guru-malviya-nagar-new-delhi;kulcha guru;Laxmi Bai Nagar;New Delhi;Kulcha Guru;80/66 A, Shop No 7, , , , Malviya Nagar, , Delhi, 110017;South Delhi
